"Value","host_type"
2,"Shadehouses"
3,"Shadehouses"
4,"Shadehouses"
5,"Shadehouses"
6,"Shadehouses"
7,"Shadehouses"
8,"Shadehouses"
9,"Shadehouses"
10,"Shadehouses"
11,"Shadehouses"
12,"Shadehouses"
13,"Shadehouses"
14,"Shadehouses"
15,"Shadehouses"
16,"Shadehouses"
17,"Shadehouses"
18,"Shadehouses"
19,"Shadehouses"
20,"Shadehouses"
21,"Shadehouses"
22,"Shadehouses"
23,"Shadehouses"
24,"Shadehouses"
25,"Shadehouses"
26,"Shadehouses"
27,"Shadehouses"
28,"Shadehouses"
29,"Shadehouses"
30,"Shadehouses"
31,"Shadehouses"
32,"Shadehouses"
33,"Shadehouses"
34,"Shadehouses"
35,"Shadehouses"
36,"Shadehouses"
37,"Shadehouses"
38,"Shadehouses"
39,"Shadehouses"
40,"Shadehouses"
41,"Shadehouses"
42,"Shadehouses"
43,"Shadehouses"
44,"Shadehouses"
45,"Shadehouses"
46,"Shadehouses"
47,"Shadehouses"
48,"Shadehouses"
49,"Shadehouses"
50,"Shadehouses"
51,"Shadehouses"
52,"Shadehouses"
53,"Shadehouses"
54,"Shadehouses"
55,"Shadehouses"
56,"Shadehouses"
57,"Shadehouses"
58,"Shadehouses"
59,"Shadehouses"
60,"Shadehouses"
61,"Shadehouses"
62,"Shadehouses"
63,"Shadehouses"
64,"Shadehouses"
65,"Shadehouses"
66,"Shadehouses"
67,"Shadehouses"
68,"Shadehouses"
69,"Shadehouses"
70,"Glasshouses"
71,"Glasshouses"
72,"Glasshouses"
73,"Glasshouses"
74,"Glasshouses"
75,"Glasshouses"
76,"Glasshouses"
77,"Glasshouses"
78,"Glasshouses"
79,"Glasshouses"
80,"Glasshouses"
81,"Glasshouses"
82,"Glasshouses"
83,"Glasshouses"
84,"Glasshouses"
85,"Glasshouses"
86,"Glasshouses"
87,"Glasshouses"
88,"Glasshouses"
89,"Glasshouses"
90,"Glasshouses"
91,"Glasshouses"
92,"Glasshouses"
93,"Glasshouses"
94,"Glasshouses"
95,"Glasshouses"
96,"Glasshouses"
97,"Glasshouses"
98,"Glasshouses"
99,"Glasshouses"
100,"Glasshouses"
101,"Glasshouses"
102,"Glasshouses"
103,"Glasshouses"
104,"Glasshouses"
105,"Glasshouses"
106,"Glasshouses"
107,"Glasshouses"
108,"Glasshouses"
109,"Glasshouses"
110,"Glasshouses"
111,"Glasshouses"
112,"Glasshouses"
113,"Glasshouses"
114,"Glasshouses"
115,"Glasshouses"
116,"Glasshouses"
117,"Glasshouses"
118,"Glasshouses"
119,"Glasshouses"
120,"Glasshouses"
121,"Glasshouses"
122,"Glasshouses"
123,"Glasshouses"
124,"Glasshouses"
125,"Glasshouses"
126,"Glasshouses"
127,"Glasshouses"
128,"Glasshouses"
129,"Glasshouses"
130,"Glasshouses"
131,"Glasshouses"
132,"Glasshouses"
133,"Glasshouses"
134,"Glasshouses"
135,"Glasshouses"
136,"Glasshouses"
137,"Glasshouses"
138,"Glasshouses"
139,"Glasshouses"
140,"Glasshouses"
141,"Glasshouses"
142,"Glasshouses"
143,"Glasshouses"
144,"Glasshouses"
145,"Glasshouses"
146,"Glasshouses"
147,"Glasshouses"
148,"Glasshouses"
149,"Glasshouses"
150,"Glasshouses"
151,"Glasshouses"
152,"Glasshouses"
153,"Glasshouses"
154,"Glasshouses"
155,"Glasshouses"
156,"Glasshouses"
157,"Glasshouses"
158,"Glasshouses"
159,"Glasshouses"
160,"Glasshouses"
161,"Glasshouses"
162,"Glasshouses"
163,"Glasshouses"
164,"Glasshouses"
165,"Glasshouses"
166,"Glasshouses"
167,"Glasshouses"
168,"Glasshouses"
169,"Glasshouses"
170,"Glasshouses"
171,"Glasshouses"
172,"Glasshouses"
173,"Glasshouses"
174,"Glasshouses"
175,"Glasshouses"
176,"Glasshouses"
177,"Glasshouses"
178,"Glasshouses"
179,"Glasshouses"
180,"Glasshouses"
181,"Glasshouses"
182,"Glasshouses"
183,"Glasshouses"
184,"Glasshouses"
185,"Glasshouses"
186,"Glasshouses"
187,"Glasshouses"
188,"Glasshouses"
189,"Glasshouses"
190,"Glasshouses"
51653,"Perennial horticulture"
51654,"Perennial horticulture"
51655,"Perennial horticulture"
51656,"Perennial horticulture"
51657,"Perennial horticulture"
51658,"Perennial horticulture"
51659,"Perennial horticulture"
51660,"Perennial horticulture"
51661,"Perennial horticulture"
51662,"Perennial horticulture"
51663,"Perennial horticulture"
51664,"Perennial horticulture"
51665,"Perennial horticulture"
51666,"Perennial horticulture"
51667,"Perennial horticulture"
51668,"Perennial horticulture"
51669,"Perennial horticulture"
51670,"Perennial horticulture"
51671,"Perennial horticulture"
51672,"Perennial horticulture"
51673,"Perennial horticulture"
51674,"Perennial horticulture"
51675,"Perennial horticulture"
51676,"Perennial horticulture"
51677,"Perennial horticulture"
51678,"Perennial horticulture"
51679,"Perennial horticulture"
51680,"Perennial horticulture"
51681,"Perennial horticulture"
51682,"Perennial horticulture"
51683,"Perennial horticulture"
51684,"Perennial horticulture"
51685,"Perennial horticulture"
51686,"Perennial horticulture"
51687,"Perennial horticulture"
51688,"Perennial horticulture"
51689,"Perennial horticulture"
51690,"Perennial horticulture"
51691,"Perennial horticulture"
51692,"Perennial horticulture"
51693,"Perennial horticulture"
51694,"Perennial horticulture"
51695,"Perennial horticulture"
51696,"Perennial horticulture"
51697,"Perennial horticulture"
51698,"Perennial horticulture"
51699,"Perennial horticulture"
51700,"Perennial horticulture"
51701,"Perennial horticulture"
51702,"Perennial horticulture"
51703,"Perennial horticulture"
51704,"Perennial horticulture"
51705,"Perennial horticulture"
51706,"Perennial horticulture"
51707,"Perennial horticulture"
51708,"Perennial horticulture"
51709,"Perennial horticulture"
51710,"Perennial horticulture"
51711,"Perennial horticulture"
51712,"Perennial horticulture"
51713,"Perennial horticulture"
51714,"Perennial horticulture"
51715,"Perennial horticulture"
51716,"Perennial horticulture"
51717,"Perennial horticulture"
51718,"Perennial horticulture"
51719,"Perennial horticulture"
51720,"Perennial horticulture"
51721,"Perennial horticulture"
51722,"Perennial horticulture"
51723,"Perennial horticulture"
51724,"Perennial horticulture"
51725,"Perennial horticulture"
51726,"Perennial horticulture"
51727,"Perennial horticulture"
51728,"Perennial horticulture"
51729,"Perennial horticulture"
51730,"Perennial horticulture"
51731,"Perennial horticulture"
51732,"Perennial horticulture"
51733,"Perennial horticulture"
51734,"Perennial horticulture"
51735,"Perennial horticulture"
51736,"Perennial horticulture"
51737,"Perennial horticulture"
51738,"Perennial horticulture"
51739,"Perennial horticulture"
51740,"Perennial horticulture"
51741,"Perennial horticulture"
51742,"Perennial horticulture"
51743,"Perennial horticulture"
51744,"Perennial horticulture"
51745,"Perennial horticulture"
51746,"Perennial horticulture"
51747,"Perennial horticulture"
51748,"Perennial horticulture"
51749,"Perennial horticulture"
51750,"Perennial horticulture"
51751,"Perennial horticulture"
51752,"Perennial horticulture"
51753,"Perennial horticulture"
51754,"Perennial horticulture"
51755,"Perennial horticulture"
51756,"Perennial horticulture"
51757,"Perennial horticulture"
51758,"Perennial horticulture"
51759,"Perennial horticulture"
51760,"Perennial horticulture"
51761,"Perennial horticulture"
51762,"Perennial horticulture"
51763,"Perennial horticulture"
51764,"Perennial horticulture"
51765,"Perennial horticulture"
51766,"Perennial horticulture"
51767,"Perennial horticulture"
51768,"Perennial horticulture"
51769,"Perennial horticulture"
51770,"Perennial horticulture"
51771,"Perennial horticulture"
51772,"Perennial horticulture"
51773,"Perennial horticulture"
51774,"Perennial horticulture"
51775,"Perennial horticulture"
51776,"Perennial horticulture"
51777,"Perennial horticulture"
51778,"Perennial horticulture"
51779,"Perennial horticulture"
51780,"Perennial horticulture"
51781,"Perennial horticulture"
51782,"Perennial horticulture"
51783,"Perennial horticulture"
51784,"Perennial horticulture"
51785,"Perennial horticulture"
51786,"Perennial horticulture"
51787,"Perennial horticulture"
51788,"Perennial horticulture"
51789,"Perennial horticulture"
51790,"Perennial horticulture"
51791,"Perennial horticulture"
51792,"Tree fruits"
51793,"Tree fruits"
51794,"Tree fruits"
51795,"Tree fruits"
51796,"Tree fruits"
51797,"Tree fruits"
51798,"Tree fruits"
51799,"Tree fruits"
51800,"Tree fruits"
51801,"Tree fruits"
51802,"Tree fruits"
51803,"Tree fruits"
51804,"Tree fruits"
51805,"Tree fruits"
51806,"Tree fruits"
51807,"Tree fruits"
51808,"Tree fruits"
51809,"Tree fruits"
51810,"Tree fruits"
51811,"Tree fruits"
51812,"Tree fruits"
51813,"Tree fruits"
51814,"Tree fruits"
51815,"Tree fruits"
51816,"Tree fruits"
51817,"Tree fruits"
51818,"Tree fruits"
51819,"Tree fruits"
51820,"Tree fruits"
51821,"Tree fruits"
51822,"Tree fruits"
51823,"Tree fruits"
51824,"Tree fruits"
51825,"Tree fruits"
51826,"Tree fruits"
51827,"Tree fruits"
51828,"Tree fruits"
51829,"Tree fruits"
51830,"Tree fruits"
51831,"Tree fruits"
51832,"Tree fruits"
51833,"Tree fruits"
51834,"Tree fruits"
51835,"Tree fruits"
51836,"Tree fruits"
51837,"Tree fruits"
51838,"Tree fruits"
51839,"Tree fruits"
51840,"Tree fruits"
51841,"Tree fruits"
51842,"Tree fruits"
51843,"Tree fruits"
51844,"Tree fruits"
51845,"Tree fruits"
51846,"Tree fruits"
51847,"Tree fruits"
51848,"Tree fruits"
51849,"Tree fruits"
51850,"Tree fruits"
51851,"Tree fruits"
51852,"Tree fruits"
51853,"Tree fruits"
51854,"Tree fruits"
51855,"Tree fruits"
51856,"Tree fruits"
51857,"Tree fruits"
51858,"Tree fruits"
51859,"Tree fruits"
51860,"Tree fruits"
51861,"Tree fruits"
51862,"Tree fruits"
51863,"Tree fruits"
51864,"Tree fruits"
51865,"Tree fruits"
51866,"Tree fruits"
51867,"Tree fruits"
51868,"Tree fruits"
51869,"Tree fruits"
51870,"Tree fruits"
51871,"Tree fruits"
51872,"Tree fruits"
51873,"Tree fruits"
51874,"Tree fruits"
51875,"Tree fruits"
51876,"Tree fruits"
51877,"Tree fruits"
51878,"Tree fruits"
51879,"Tree fruits"
51880,"Tree fruits"
51881,"Tree fruits"
51882,"Tree fruits"
51883,"Tree fruits"
51884,"Tree fruits"
51885,"Tree fruits"
51886,"Tree fruits"
51887,"Tree fruits"
51888,"Tree fruits"
51889,"Tree fruits"
51890,"Tree fruits"
51891,"Tree fruits"
51892,"Tree fruits"
51893,"Tree fruits"
51894,"Tree fruits"
51895,"Tree fruits"
51896,"Tree fruits"
51897,"Tree fruits"
51898,"Tree fruits"
51899,"Tree fruits"
51900,"Tree fruits"
51901,"Tree fruits"
51902,"Tree fruits"
51903,"Tree fruits"
51904,"Tree fruits"
51905,"Tree fruits"
51906,"Tree fruits"
51907,"Tree fruits"
51908,"Tree fruits"
51909,"Tree fruits"
51910,"Tree fruits"
51911,"Tree fruits"
51912,"Tree fruits"
51913,"Tree fruits"
51914,"Tree fruits"
51915,"Tree fruits"
51916,"Tree fruits"
51917,"Tree fruits"
51918,"Tree fruits"
51919,"Tree fruits"
51920,"Tree fruits"
51921,"Tree fruits"
51922,"Tree fruits"
51923,"Tree fruits"
51924,"Tree fruits"
51925,"Tree fruits"
51926,"Tree fruits"
51927,"Tree fruits"
51928,"Tree fruits"
51929,"Tree fruits"
51930,"Tree fruits"
51931,"Tree fruits"
51932,"Tree fruits"
51933,"Tree fruits"
51934,"Tree fruits"
51935,"Tree fruits"
51936,"Tree fruits"
51937,"Tree fruits"
51938,"Tree fruits"
51939,"Tree fruits"
51940,"Tree fruits"
51941,"Tree fruits"
51942,"Tree fruits"
51943,"Tree fruits"
51944,"Tree fruits"
51945,"Tree fruits"
51946,"Tree fruits"
51947,"Tree fruits"
51948,"Tree fruits"
51949,"Tree fruits"
51950,"Tree fruits"
51951,"Tree fruits"
51952,"Tree fruits"
51953,"Tree fruits"
51954,"Tree fruits"
51955,"Tree fruits"
51956,"Tree fruits"
51957,"Tree fruits"
51958,"Tree fruits"
51959,"Tree fruits"
51960,"Tree fruits"
51961,"Tree fruits"
51962,"Tree fruits"
51963,"Tree fruits"
51964,"Tree fruits"
51965,"Tree fruits"
51966,"Tree fruits"
51967,"Tree fruits"
51968,"Tree fruits"
51969,"Tree fruits"
51970,"Tree fruits"
51971,"Tree fruits"
51972,"Tree fruits"
51973,"Tree fruits"
51974,"Tree fruits"
51975,"Tree fruits"
51976,"Tree fruits"
51977,"Tree fruits"
51978,"Tree fruits"
51979,"Tree fruits"
51980,"Tree fruits"
51981,"Tree fruits"
51982,"Tree fruits"
51983,"Tree fruits"
51984,"Tree fruits"
51985,"Tree fruits"
51986,"Tree fruits"
51987,"Tree fruits"
51988,"Tree fruits"
51989,"Tree fruits"
51990,"Tree fruits"
51991,"Tree fruits"
51992,"Tree fruits"
51993,"Tree fruits"
51994,"Tree fruits"
51995,"Tree fruits"
51996,"Tree fruits"
51997,"Tree fruits"
51998,"Tree fruits"
51999,"Tree fruits"
52000,"Tree fruits"
52001,"Tree fruits"
52002,"Tree fruits"
52003,"Tree fruits"
52004,"Tree fruits"
52005,"Tree fruits"
52006,"Tree fruits"
52007,"Tree fruits"
52008,"Tree fruits"
52009,"Tree fruits"
52010,"Tree fruits"
52011,"Tree fruits"
52012,"Tree fruits"
52013,"Tree fruits"
52014,"Tree fruits"
52015,"Tree fruits"
52016,"Tree fruits"
52017,"Tree fruits"
52018,"Tree fruits"
52019,"Tree fruits"
52020,"Tree fruits"
52021,"Tree fruits"
52022,"Tree fruits"
52023,"Tree fruits"
52024,"Tree fruits"
52025,"Tree fruits"
52026,"Tree fruits"
52027,"Tree fruits"
52028,"Tree fruits"
52029,"Tree fruits"
52030,"Tree fruits"
52031,"Tree fruits"
52032,"Tree fruits"
52033,"Tree fruits"
52034,"Tree fruits"
52035,"Tree fruits"
52036,"Tree fruits"
52037,"Tree fruits"
52038,"Tree fruits"
52039,"Tree fruits"
52040,"Tree fruits"
52041,"Tree fruits"
52042,"Tree fruits"
52043,"Tree fruits"
52044,"Tree fruits"
52045,"Tree fruits"
52046,"Tree fruits"
52047,"Tree fruits"
52048,"Tree fruits"
52049,"Tree fruits"
52050,"Tree fruits"
52051,"Tree fruits"
52052,"Tree fruits"
52053,"Tree fruits"
52054,"Tree fruits"
52055,"Tree fruits"
52056,"Tree fruits"
52057,"Tree fruits"
52058,"Tree fruits"
52059,"Tree fruits"
52060,"Tree fruits"
52061,"Tree fruits"
52062,"Tree fruits"
52063,"Tree fruits"
52064,"Tree fruits"
52065,"Tree fruits"
52066,"Tree fruits"
52067,"Tree fruits"
52068,"Tree fruits"
52069,"Tree fruits"
52070,"Tree fruits"
52071,"Tree fruits"
52072,"Tree fruits"
52073,"Tree fruits"
52074,"Tree fruits"
52075,"Tree fruits"
52076,"Tree fruits"
52077,"Tree fruits"
52078,"Tree fruits"
52079,"Tree fruits"
52080,"Tree fruits"
52081,"Tree fruits"
52082,"Tree fruits"
52083,"Tree fruits"
52084,"Tree fruits"
52085,"Tree fruits"
52086,"Tree fruits"
52087,"Tree fruits"
52088,"Tree fruits"
52089,"Tree fruits"
52090,"Tree fruits"
52091,"Tree fruits"
52092,"Tree fruits"
52093,"Tree fruits"
52094,"Tree fruits"
52095,"Tree fruits"
52096,"Tree fruits"
52097,"Tree fruits"
52098,"Tree fruits"
52099,"Tree fruits"
52100,"Tree fruits"
52101,"Tree fruits"
52102,"Tree fruits"
52103,"Tree fruits"
52104,"Tree fruits"
52105,"Tree fruits"
52106,"Tree fruits"
52107,"Tree fruits"
52108,"Tree fruits"
52109,"Tree fruits"
52110,"Tree fruits"
52111,"Tree fruits"
52112,"Tree fruits"
52113,"Tree fruits"
52114,"Tree fruits"
52115,"Tree fruits"
52116,"Tree fruits"
52117,"Tree fruits"
52118,"Tree fruits"
52119,"Tree fruits"
52120,"Tree fruits"
52121,"Tree fruits"
52122,"Tree fruits"
52123,"Tree fruits"
52124,"Tree fruits"
52125,"Tree fruits"
52126,"Tree fruits"
52127,"Tree fruits"
52128,"Tree fruits"
52129,"Tree fruits"
52130,"Tree fruits"
52131,"Tree fruits"
52132,"Tree fruits"
52133,"Tree fruits"
52134,"Tree fruits"
52135,"Tree fruits"
52136,"Tree fruits"
52137,"Tree fruits"
52138,"Tree fruits"
52139,"Tree fruits"
52140,"Tree fruits"
52141,"Tree fruits"
52142,"Tree fruits"
52143,"Tree fruits"
52144,"Tree fruits"
52145,"Tree fruits"
52146,"Tree fruits"
52147,"Tree fruits"
52148,"Tree fruits"
52149,"Tree fruits"
52150,"Tree fruits"
52151,"Tree fruits"
52152,"Tree fruits"
52153,"Tree fruits"
52154,"Tree fruits"
52155,"Tree fruits"
52156,"Tree fruits"
52157,"Tree fruits"
52158,"Tree fruits"
52159,"Tree fruits"
52160,"Tree fruits"
52161,"Tree fruits"
52162,"Tree fruits"
52163,"Tree fruits"
52164,"Tree fruits"
52165,"Tree fruits"
52166,"Tree fruits"
52167,"Tree fruits"
52168,"Tree fruits"
52169,"Tree fruits"
52170,"Tree fruits"
52171,"Tree fruits"
52172,"Tree fruits"
52173,"Tree fruits"
52174,"Tree fruits"
52175,"Tree fruits"
52176,"Tree fruits"
52177,"Tree fruits"
52178,"Tree fruits"
52179,"Tree fruits"
52180,"Tree fruits"
52181,"Tree fruits"
52182,"Tree fruits"
52183,"Tree fruits"
52184,"Tree fruits"
52185,"Tree fruits"
52186,"Tree fruits"
52187,"Tree fruits"
52188,"Tree fruits"
52189,"Tree fruits"
52190,"Tree fruits"
52191,"Tree fruits"
52192,"Tree fruits"
52193,"Tree fruits"
52194,"Tree fruits"
52195,"Tree fruits"
52196,"Tree fruits"
52197,"Tree fruits"
52198,"Tree fruits"
52199,"Tree fruits"
52200,"Tree fruits"
52201,"Tree fruits"
52202,"Tree fruits"
52203,"Tree fruits"
52204,"Tree fruits"
52205,"Tree fruits"
52206,"Tree fruits"
52207,"Tree fruits"
52208,"Tree fruits"
52209,"Tree fruits"
52210,"Tree fruits"
52211,"Tree fruits"
52212,"Tree fruits"
52213,"Tree fruits"
52214,"Tree fruits"
52215,"Tree fruits"
52216,"Tree fruits"
52217,"Tree fruits"
52218,"Tree fruits"
52219,"Tree fruits"
52220,"Tree fruits"
52221,"Tree fruits"
52222,"Tree fruits"
52223,"Tree fruits"
52224,"Tree fruits"
52225,"Tree fruits"
52226,"Tree fruits"
52227,"Tree fruits"
52228,"Tree fruits"
52229,"Tree fruits"
52230,"Tree fruits"
52231,"Tree fruits"
52232,"Tree fruits"
52233,"Tree fruits"
52234,"Tree fruits"
52235,"Tree fruits"
52236,"Tree fruits"
52237,"Tree fruits"
52238,"Tree fruits"
52239,"Tree fruits"
52240,"Tree fruits"
52241,"Tree fruits"
52242,"Tree fruits"
52243,"Tree fruits"
52244,"Tree fruits"
52245,"Tree fruits"
52246,"Tree fruits"
52247,"Tree fruits"
52248,"Tree fruits"
52249,"Tree fruits"
52250,"Tree fruits"
52251,"Tree fruits"
52252,"Tree fruits"
52253,"Tree fruits"
52254,"Tree fruits"
52255,"Tree fruits"
52256,"Tree fruits"
52257,"Tree fruits"
52258,"Tree fruits"
52259,"Tree fruits"
52260,"Tree fruits"
52261,"Tree fruits"
52262,"Tree fruits"
52263,"Tree fruits"
52264,"Tree fruits"
52265,"Tree fruits"
52266,"Tree fruits"
52267,"Tree fruits"
52268,"Tree fruits"
52269,"Tree fruits"
52270,"Tree fruits"
52271,"Tree fruits"
52272,"Tree fruits"
52273,"Tree fruits"
52274,"Tree fruits"
52275,"Tree fruits"
52276,"Tree fruits"
52277,"Tree fruits"
52278,"Tree fruits"
52279,"Tree fruits"
52280,"Tree fruits"
52281,"Tree fruits"
52282,"Tree fruits"
52283,"Tree fruits"
52284,"Tree fruits"
52285,"Tree fruits"
52286,"Tree fruits"
52287,"Tree fruits"
52288,"Tree fruits"
52289,"Tree fruits"
52290,"Tree fruits"
52291,"Tree fruits"
52292,"Tree fruits"
52293,"Tree fruits"
52294,"Tree fruits"
52295,"Tree fruits"
52296,"Tree fruits"
52297,"Tree fruits"
52298,"Tree fruits"
52299,"Tree fruits"
52300,"Tree fruits"
52301,"Tree fruits"
52302,"Tree fruits"
52303,"Tree fruits"
52304,"Tree fruits"
52305,"Tree fruits"
52306,"Tree fruits"
52307,"Tree fruits"
52308,"Tree fruits"
52309,"Tree fruits"
52310,"Tree fruits"
52311,"Tree fruits"
52312,"Tree fruits"
52313,"Tree fruits"
52314,"Tree fruits"
52315,"Tree fruits"
52316,"Tree fruits"
52317,"Tree fruits"
52318,"Tree fruits"
52319,"Tree fruits"
52320,"Tree fruits"
52321,"Tree fruits"
52322,"Tree fruits"
52323,"Tree fruits"
52324,"Tree fruits"
52325,"Tree fruits"
52326,"Tree fruits"
52327,"Tree fruits"
52328,"Tree fruits"
52329,"Tree fruits"
52330,"Tree fruits"
52331,"Tree fruits"
52332,"Tree fruits"
52333,"Tree fruits"
52334,"Tree fruits"
52335,"Tree fruits"
52336,"Tree fruits"
52337,"Tree fruits"
52338,"Tree fruits"
52339,"Tree fruits"
52340,"Tree fruits"
52341,"Tree fruits"
52342,"Tree fruits"
52343,"Tree fruits"
52344,"Tree fruits"
52345,"Tree fruits"
52346,"Tree fruits"
52347,"Tree fruits"
52348,"Tree fruits"
52349,"Tree fruits"
52350,"Tree fruits"
52351,"Tree fruits"
52352,"Tree fruits"
52353,"Tree fruits"
52354,"Tree fruits"
52355,"Tree fruits"
52356,"Tree fruits"
52357,"Tree fruits"
52358,"Tree fruits"
52359,"Tree fruits"
52360,"Tree fruits"
52361,"Tree fruits"
52362,"Tree fruits"
52363,"Tree fruits"
52364,"Tree fruits"
52365,"Tree fruits"
52366,"Tree fruits"
52367,"Tree fruits"
52368,"Tree fruits"
52369,"Tree fruits"
52370,"Tree fruits"
52371,"Tree fruits"
52372,"Tree fruits"
52373,"Tree fruits"
52374,"Tree fruits"
52375,"Tree fruits"
52376,"Tree fruits"
52377,"Tree fruits"
52378,"Tree fruits"
52379,"Tree fruits"
52380,"Tree fruits"
52381,"Tree fruits"
52382,"Tree fruits"
52383,"Tree fruits"
52384,"Tree fruits"
52385,"Tree fruits"
52386,"Tree fruits"
52387,"Tree fruits"
52388,"Tree fruits"
52389,"Tree fruits"
52390,"Tree fruits"
52391,"Tree fruits"
52392,"Tree fruits"
52393,"Tree fruits"
52394,"Tree fruits"
52395,"Tree fruits"
52396,"Tree fruits"
52397,"Tree fruits"
52398,"Tree fruits"
52399,"Tree fruits"
52400,"Tree fruits"
52401,"Tree fruits"
52402,"Tree fruits"
52403,"Tree fruits"
52404,"Tree fruits"
52405,"Tree fruits"
52406,"Tree fruits"
52407,"Tree fruits"
52408,"Tree fruits"
52409,"Tree fruits"
52410,"Tree fruits"
52411,"Tree fruits"
52412,"Tree fruits"
52413,"Tree fruits"
52414,"Tree fruits"
52415,"Tree fruits"
52416,"Tree fruits"
52417,"Tree fruits"
52418,"Tree fruits"
52419,"Tree fruits"
52420,"Tree fruits"
53605,"Shrub berries and fruits"
53606,"Shrub berries and fruits"
53607,"Shrub berries and fruits"
53608,"Shrub berries and fruits"
53609,"Shrub berries and fruits"
53610,"Shrub berries and fruits"
53611,"Shrub berries and fruits"
53612,"Shrub berries and fruits"
53613,"Shrub berries and fruits"
53614,"Shrub berries and fruits"
53615,"Shrub berries and fruits"
53616,"Shrub berries and fruits"
53617,"Shrub berries and fruits"
53618,"Shrub berries and fruits"
53619,"Shrub berries and fruits"
53620,"Shrub berries and fruits"
53621,"Shrub berries and fruits"
53622,"Shrub berries and fruits"
53623,"Shrub berries and fruits"
53624,"Shrub berries and fruits"
53625,"Shrub berries and fruits"
53626,"Shrub berries and fruits"
53627,"Shrub berries and fruits"
53628,"Shrub berries and fruits"
53629,"Shrub berries and fruits"
53630,"Shrub berries and fruits"
53631,"Shrub berries and fruits"
53632,"Shrub berries and fruits"
53633,"Shrub berries and fruits"
53634,"Shrub berries and fruits"
53635,"Shrub berries and fruits"
53636,"Shrub berries and fruits"
53637,"Shrub berries and fruits"
53638,"Shrub berries and fruits"
53639,"Shrub berries and fruits"
53640,"Shrub berries and fruits"
53641,"Shrub berries and fruits"
53642,"Shrub berries and fruits"
53643,"Shrub berries and fruits"
53644,"Shrub berries and fruits"
53645,"Shrub berries and fruits"
53646,"Shrub berries and fruits"
53647,"Shrub berries and fruits"
53648,"Shrub berries and fruits"
53649,"Shrub berries and fruits"
53650,"Shrub berries and fruits"
53651,"Shrub berries and fruits"
53652,"Shrub berries and fruits"
53653,"Shrub berries and fruits"
53654,"Shrub berries and fruits"
53655,"Shrub berries and fruits"
53656,"Shrub berries and fruits"
53657,"Shrub berries and fruits"
53658,"Shrub berries and fruits"
53659,"Shrub berries and fruits"
53660,"Shrub berries and fruits"
53661,"Shrub berries and fruits"
53662,"Shrub berries and fruits"
53663,"Shrub berries and fruits"
53664,"Shrub berries and fruits"
53665,"Shrub berries and fruits"
53666,"Shrub berries and fruits"
53667,"Shrub berries and fruits"
53668,"Shrub berries and fruits"
53669,"Shrub berries and fruits"
53670,"Shrub berries and fruits"
53671,"Shrub berries and fruits"
53672,"Shrub berries and fruits"
53673,"Shrub berries and fruits"
53674,"Shrub berries and fruits"
53675,"Shrub berries and fruits"
53676,"Shrub berries and fruits"
53677,"Shrub berries and fruits"
53678,"Shrub berries and fruits"
53679,"Shrub berries and fruits"
53680,"Shrub berries and fruits"
53681,"Shrub berries and fruits"
53682,"Shrub berries and fruits"
53683,"Shrub berries and fruits"
53684,"Shrub berries and fruits"
53685,"Shrub berries and fruits"
53686,"Shrub berries and fruits"
53687,"Shrub berries and fruits"
53688,"Shrub berries and fruits"
53689,"Shrub berries and fruits"
53690,"Shrub berries and fruits"
53691,"Shrub berries and fruits"
53692,"Shrub berries and fruits"
53693,"Shrub berries and fruits"
53694,"Shrub berries and fruits"
53695,"Shrub berries and fruits"
53696,"Shrub berries and fruits"
53697,"Shrub berries and fruits"
53698,"Shrub berries and fruits"
53699,"Shrub berries and fruits"
53700,"Shrub berries and fruits"
53701,"Shrub berries and fruits"
53702,"Citrus"
53703,"Citrus"
53704,"Citrus"
53705,"Citrus"
53706,"Citrus"
53707,"Citrus"
53708,"Citrus"
53709,"Citrus"
53710,"Citrus"
53711,"Citrus"
53712,"Citrus"
53713,"Citrus"
53714,"Citrus"
53715,"Citrus"
53716,"Citrus"
53717,"Citrus"
53718,"Citrus"
53719,"Citrus"
53720,"Citrus"
53721,"Citrus"
53722,"Citrus"
53723,"Citrus"
53724,"Citrus"
53725,"Citrus"
53726,"Citrus"
53727,"Citrus"
53728,"Citrus"
53729,"Citrus"
53730,"Citrus"
53731,"Citrus"
53732,"Citrus"
53733,"Citrus"
53734,"Citrus"
53735,"Citrus"
53736,"Citrus"
53737,"Citrus"
53738,"Citrus"
53739,"Citrus"
53740,"Citrus"
53741,"Citrus"
53742,"Citrus"
53743,"Citrus"
53744,"Citrus"
53745,"Citrus"
53746,"Citrus"
53747,"Citrus"
53748,"Citrus"
53749,"Citrus"
53750,"Citrus"
53751,"Citrus"
53752,"Citrus"
53753,"Citrus"
53754,"Citrus"
53755,"Citrus"
53756,"Citrus"
53757,"Citrus"
53758,"Citrus"
53759,"Citrus"
53760,"Citrus"
53761,"Citrus"
53762,"Citrus"
53763,"Citrus"
53764,"Citrus"
53765,"Citrus"
53766,"Citrus"
53767,"Citrus"
53768,"Citrus"
53769,"Citrus"
53770,"Citrus"
53771,"Citrus"
53772,"Citrus"
53773,"Citrus"
53774,"Citrus"
53775,"Citrus"
53776,"Citrus"
53777,"Citrus"
53778,"Citrus"
53779,"Citrus"
53780,"Citrus"
53781,"Citrus"
53782,"Citrus"
53783,"Citrus"
53784,"Citrus"
53785,"Citrus"
53786,"Citrus"
53787,"Citrus"
53788,"Citrus"
53789,"Citrus"
53790,"Citrus"
53791,"Citrus"
53792,"Citrus"
53793,"Citrus"
53794,"Citrus"
53795,"Citrus"
53796,"Citrus"
53797,"Citrus"
53798,"Citrus"
53799,"Citrus"
53800,"Citrus"
53801,"Citrus"
53802,"Citrus"
53803,"Citrus"
53804,"Citrus"
53805,"Citrus"
53806,"Citrus"
53807,"Citrus"
53808,"Citrus"
53809,"Citrus"
53810,"Citrus"
53811,"Citrus"
53812,"Citrus"
53813,"Citrus"
53814,"Citrus"
53815,"Citrus"
53816,"Citrus"
53817,"Citrus"
53818,"Citrus"
53819,"Citrus"
53820,"Citrus"
53821,"Citrus"
53822,"Citrus"
53823,"Citrus"
53824,"Citrus"
53825,"Citrus"
53826,"Citrus"
53827,"Citrus"
53828,"Citrus"
53829,"Citrus"
53830,"Citrus"
53831,"Citrus"
53832,"Citrus"
53833,"Citrus"
53834,"Citrus"
53835,"Citrus"
53836,"Citrus"
53837,"Citrus"
53838,"Citrus"
53839,"Citrus"
53840,"Citrus"
53841,"Citrus"
53842,"Citrus"
53843,"Citrus"
53844,"Citrus"
53845,"Citrus"
53846,"Citrus"
53847,"Citrus"
53848,"Citrus"
53849,"Citrus"
53850,"Citrus"
53851,"Citrus"
53852,"Citrus"
53853,"Citrus"
53854,"Citrus"
53855,"Citrus"
53856,"Citrus"
53857,"Citrus"
53858,"Citrus"
53859,"Citrus"
53860,"Citrus"
53861,"Citrus"
53862,"Citrus"
53863,"Citrus"
53864,"Citrus"
53865,"Citrus"
53866,"Citrus"
53867,"Citrus"
53868,"Citrus"
53869,"Citrus"
53870,"Citrus"
53871,"Citrus"
53872,"Citrus"
53873,"Citrus"
53874,"Citrus"
53875,"Citrus"
53876,"Citrus"
53877,"Citrus"
53878,"Citrus"
53879,"Citrus"
53880,"Citrus"
53881,"Citrus"
53882,"Citrus"
53883,"Citrus"
53884,"Citrus"
53885,"Citrus"
53886,"Citrus"
53887,"Grapes"
53888,"Grapes"
53889,"Grapes"
53890,"Grapes"
53891,"Grapes"
53892,"Grapes"
53893,"Grapes"
53894,"Grapes"
53895,"Grapes"
53896,"Grapes"
53897,"Grapes"
53898,"Grapes"
53899,"Grapes"
53900,"Grapes"
53901,"Grapes"
53902,"Grapes"
53903,"Grapes"
53904,"Grapes"
53905,"Grapes"
53906,"Grapes"
53907,"Grapes"
53908,"Grapes"
53909,"Grapes"
53910,"Grapes"
53911,"Grapes"
53912,"Grapes"
53913,"Grapes"
53914,"Grapes"
53915,"Grapes"
53916,"Grapes"
53917,"Grapes"
53918,"Grapes"
53919,"Grapes"
53920,"Grapes"
53921,"Grapes"
53922,"Grapes"
53923,"Grapes"
53924,"Grapes"
53925,"Grapes"
53926,"Grapes"
53927,"Grapes"
53928,"Grapes"
53929,"Grapes"
53930,"Grapes"
53931,"Grapes"
53932,"Grapes"
53933,"Grapes"
53934,"Grapes"
53935,"Grapes"
53936,"Grapes"
53937,"Grapes"
53938,"Grapes"
53939,"Grapes"
53940,"Grapes"
53941,"Grapes"
53942,"Grapes"
53943,"Grapes"
53944,"Grapes"
53945,"Grapes"
53946,"Grapes"
53947,"Grapes"
53948,"Grapes"
53949,"Grapes"
53950,"Grapes"
53951,"Grapes"
53952,"Grapes"
53953,"Grapes"
53954,"Grapes"
53955,"Grapes"
53956,"Grapes"
53957,"Grapes"
53958,"Grapes"
53959,"Grapes"
53960,"Grapes"
53961,"Grapes"
53962,"Grapes"
53963,"Grapes"
53964,"Grapes"
53965,"Grapes"
53966,"Grapes"
53967,"Grapes"
53968,"Grapes"
53969,"Grapes"
53970,"Grapes"
53971,"Grapes"
53972,"Grapes"
53973,"Grapes"
53974,"Grapes"
53975,"Grapes"
53976,"Grapes"
53977,"Grapes"
53978,"Grapes"
53979,"Grapes"
53980,"Grapes"
53981,"Grapes"
53982,"Grapes"
53983,"Grapes"
53984,"Grapes"
53985,"Grapes"
53986,"Grapes"
53987,"Grapes"
53988,"Grapes"
53989,"Grapes"
53990,"Grapes"
53991,"Grapes"
53992,"Grapes"
53993,"Grapes"
53994,"Grapes"
53995,"Grapes"
53996,"Grapes"
53997,"Grapes"
53998,"Grapes"
53999,"Grapes"
54000,"Grapes"
54001,"Grapes"
54002,"Grapes"
54003,"Grapes"
54004,"Grapes"
54005,"Grapes"
54006,"Grapes"
54007,"Grapes"
54008,"Grapes"
54009,"Grapes"
54010,"Grapes"
54011,"Grapes"
54012,"Grapes"
54013,"Grapes"
54014,"Grapes"
54015,"Grapes"
54016,"Grapes"
54017,"Grapes"
54018,"Grapes"
54019,"Grapes"
54020,"Grapes"
54021,"Grapes"
54022,"Grapes"
54023,"Grapes"
54024,"Grapes"
54025,"Grapes"
54026,"Grapes"
54027,"Grapes"
54028,"Grapes"
54029,"Grapes"
54030,"Grapes"
54031,"Grapes"
54032,"Grapes"
54033,"Grapes"
54034,"Grapes"
54035,"Grapes"
54036,"Grapes"
54037,"Grapes"
54038,"Grapes"
54039,"Grapes"
54040,"Grapes"
54041,"Grapes"
54042,"Grapes"
54043,"Grapes"
54044,"Grapes"
54045,"Grapes"
54046,"Grapes"
54047,"Grapes"
54048,"Grapes"
54049,"Grapes"
54050,"Grapes"
54051,"Grapes"
54052,"Grapes"
54053,"Grapes"
54054,"Grapes"
54055,"Grapes"
54056,"Grapes"
54057,"Grapes"
54058,"Grapes"
54059,"Grapes"
54060,"Grapes"
54061,"Grapes"
54062,"Grapes"
54063,"Grapes"
54064,"Grapes"
54065,"Grapes"
54066,"Grapes"
54067,"Grapes"
54068,"Grapes"
54069,"Grapes"
54070,"Grapes"
54071,"Grapes"
54072,"Grapes"
54073,"Grapes"
54074,"Grapes"
54075,"Grapes"
54076,"Grapes"
54077,"Grapes"
54078,"Grapes"
54079,"Grapes"
54080,"Grapes"
54081,"Grapes"
54082,"Grapes"
54083,"Grapes"
54084,"Grapes"
54085,"Grapes"
54086,"Grapes"
54087,"Grapes"
54088,"Grapes"
54089,"Grapes"
54090,"Grapes"
54091,"Grapes"
54092,"Grapes"
54093,"Grapes"
54094,"Grapes"
54095,"Grapes"
54096,"Grapes"
54097,"Grapes"
54098,"Grapes"
54099,"Grapes"
54100,"Grapes"
54101,"Grapes"
54102,"Grapes"
54103,"Grapes"
54104,"Grapes"
54105,"Grapes"
54106,"Grapes"
54107,"Grapes"
54108,"Grapes"
54109,"Grapes"
54110,"Grapes"
54111,"Grapes"
54112,"Grapes"
54113,"Grapes"
54114,"Grapes"
54115,"Grapes"
54116,"Grapes"
54117,"Grapes"
54118,"Grapes"
54119,"Grapes"
54120,"Grapes"
54121,"Grapes"
54122,"Grapes"
54123,"Grapes"
54124,"Grapes"
54125,"Grapes"
54126,"Grapes"
54127,"Grapes"
54128,"Grapes"
54129,"Grapes"
54130,"Grapes"
54131,"Grapes"
54132,"Grapes"
54133,"Grapes"
54134,"Grapes"
54135,"Grapes"
54136,"Grapes"
54137,"Grapes"
54138,"Grapes"
54139,"Grapes"
54140,"Grapes"
54141,"Grapes"
54142,"Grapes"
54143,"Grapes"
54144,"Grapes"
54145,"Grapes"
54146,"Grapes"
54147,"Grapes"
54148,"Grapes"
54149,"Grapes"
54150,"Grapes"
54151,"Grapes"
54152,"Grapes"
54153,"Grapes"
54154,"Grapes"
54155,"Grapes"
54156,"Grapes"
54157,"Grapes"
54158,"Grapes"
54159,"Grapes"
54160,"Grapes"
54161,"Grapes"
54162,"Grapes"
54163,"Grapes"
54164,"Grapes"
54165,"Grapes"
54166,"Grapes"
54167,"Grapes"
54168,"Grapes"
54169,"Grapes"
54170,"Grapes"
54171,"Grapes"
54172,"Grapes"
54173,"Grapes"
54174,"Grapes"
54175,"Grapes"
54176,"Grapes"
54177,"Grapes"
54178,"Grapes"
54179,"Grapes"
54180,"Grapes"
54181,"Grapes"
54182,"Grapes"
54183,"Grapes"
54184,"Grapes"
54185,"Grapes"
54186,"Grapes"
54187,"Grapes"
54188,"Grapes"
54189,"Grapes"
54190,"Grapes"
54191,"Grapes"
54192,"Grapes"
54193,"Grapes"
54194,"Grapes"
54195,"Grapes"
54196,"Grapes"
54197,"Grapes"
54198,"Grapes"
54199,"Grapes"
54200,"Grapes"
54201,"Grapes"
54202,"Grapes"
54203,"Grapes"
54204,"Grapes"
54205,"Grapes"
54206,"Grapes"
54207,"Grapes"
54208,"Grapes"
54209,"Grapes"
54210,"Grapes"
54211,"Grapes"
54212,"Grapes"
54213,"Grapes"
54214,"Grapes"
54215,"Grapes"
54216,"Grapes"
54217,"Grapes"
54218,"Grapes"
54219,"Grapes"
54220,"Grapes"
54221,"Grapes"
54222,"Grapes"
54223,"Grapes"
54224,"Grapes"
54225,"Grapes"
54226,"Grapes"
54227,"Grapes"
54228,"Grapes"
54229,"Grapes"
54230,"Grapes"
54231,"Grapes"
54232,"Grapes"
54233,"Grapes"
54234,"Grapes"
54235,"Grapes"
54236,"Grapes"
54237,"Grapes"
54238,"Grapes"
54239,"Grapes"
54240,"Grapes"
54241,"Grapes"
54242,"Grapes"
54243,"Grapes"
54244,"Grapes"
54245,"Grapes"
54246,"Grapes"
54247,"Grapes"
54248,"Grapes"
54249,"Grapes"
54250,"Grapes"
54251,"Grapes"
54252,"Grapes"
54253,"Grapes"
54254,"Grapes"
54255,"Grapes"
54256,"Grapes"
54257,"Grapes"
54258,"Grapes"
54259,"Grapes"
54260,"Grapes"
54261,"Grapes"
54262,"Grapes"
54263,"Grapes"
54264,"Grapes"
54265,"Grapes"
54266,"Grapes"
54267,"Grapes"
54268,"Grapes"
54269,"Grapes"
54270,"Grapes"
54271,"Grapes"
54272,"Grapes"
54273,"Grapes"
54274,"Grapes"
54275,"Grapes"
54276,"Grapes"
54277,"Grapes"
54278,"Grapes"
54279,"Grapes"
54280,"Grapes"
54281,"Grapes"
54282,"Grapes"
54283,"Grapes"
54284,"Grapes"
54285,"Grapes"
54286,"Grapes"
54287,"Grapes"
54288,"Grapes"
54289,"Grapes"
54290,"Grapes"
54291,"Grapes"
54292,"Grapes"
54293,"Grapes"
54294,"Grapes"
54295,"Grapes"
54296,"Grapes"
54297,"Grapes"
54298,"Grapes"
54299,"Grapes"
54300,"Grapes"
54301,"Grapes"
54302,"Grapes"
54303,"Grapes"
54304,"Grapes"
54305,"Grapes"
54306,"Grapes"
54307,"Grapes"
54308,"Grapes"
54309,"Grapes"
54310,"Grapes"
54311,"Grapes"
54312,"Grapes"
54313,"Grapes"
54314,"Grapes"
54315,"Grapes"
54316,"Grapes"
126902,"Perennial horticulture"
126903,"Perennial horticulture"
126904,"Perennial horticulture"
126905,"Perennial horticulture"
126906,"Perennial horticulture"
126907,"Perennial horticulture"
126908,"Perennial horticulture"
126909,"Perennial horticulture"
126910,"Perennial horticulture"
126911,"Perennial horticulture"
126912,"Perennial horticulture"
126913,"Perennial horticulture"
126914,"Perennial horticulture"
126915,"Perennial horticulture"
126916,"Perennial horticulture"
126917,"Perennial horticulture"
126918,"Perennial horticulture"
126919,"Perennial horticulture"
126920,"Perennial horticulture"
126921,"Perennial horticulture"
126922,"Perennial horticulture"
126923,"Perennial horticulture"
126924,"Perennial horticulture"
126925,"Perennial horticulture"
126926,"Perennial horticulture"
126927,"Perennial horticulture"
126928,"Perennial horticulture"
126929,"Perennial horticulture"
126930,"Perennial horticulture"
126931,"Perennial horticulture"
126932,"Perennial horticulture"
126933,"Perennial horticulture"
126934,"Perennial horticulture"
126935,"Perennial horticulture"
126936,"Perennial horticulture"
126937,"Perennial horticulture"
126938,"Perennial horticulture"
126939,"Perennial horticulture"
126940,"Perennial horticulture"
126941,"Perennial horticulture"
126942,"Perennial horticulture"
126943,"Perennial horticulture"
126944,"Perennial horticulture"
126945,"Perennial horticulture"
126946,"Perennial horticulture"
126947,"Perennial horticulture"
126948,"Perennial horticulture"
126949,"Perennial horticulture"
126950,"Perennial horticulture"
126951,"Perennial horticulture"
126952,"Perennial horticulture"
126953,"Perennial horticulture"
126954,"Perennial horticulture"
126955,"Perennial horticulture"
126956,"Perennial horticulture"
126957,"Perennial horticulture"
126958,"Perennial horticulture"
126959,"Perennial horticulture"
126960,"Perennial horticulture"
126961,"Perennial horticulture"
126962,"Perennial horticulture"
126963,"Perennial horticulture"
126964,"Perennial horticulture"
126965,"Perennial horticulture"
126966,"Perennial horticulture"
126967,"Perennial horticulture"
126968,"Perennial horticulture"
126969,"Perennial horticulture"
126970,"Perennial horticulture"
126971,"Perennial horticulture"
126972,"Perennial horticulture"
126973,"Perennial horticulture"
126974,"Perennial horticulture"
126975,"Perennial horticulture"
126976,"Perennial horticulture"
126977,"Perennial horticulture"
126978,"Perennial horticulture"
126979,"Perennial horticulture"
126980,"Perennial horticulture"
126981,"Perennial horticulture"
126982,"Perennial horticulture"
126983,"Perennial horticulture"
126984,"Perennial horticulture"
126985,"Perennial horticulture"
126986,"Perennial horticulture"
126987,"Perennial horticulture"
126988,"Perennial horticulture"
126989,"Perennial horticulture"
126990,"Perennial horticulture"
126991,"Perennial horticulture"
126992,"Perennial horticulture"
126993,"Perennial horticulture"
126994,"Perennial horticulture"
126995,"Perennial horticulture"
126996,"Perennial horticulture"
126997,"Perennial horticulture"
126998,"Perennial horticulture"
126999,"Perennial horticulture"
127000,"Perennial horticulture"
127001,"Perennial horticulture"
127002,"Perennial horticulture"
127003,"Perennial horticulture"
127004,"Perennial horticulture"
127005,"Perennial horticulture"
127006,"Perennial horticulture"
127007,"Perennial horticulture"
127008,"Perennial horticulture"
127009,"Perennial horticulture"
127010,"Perennial horticulture"
127011,"Perennial horticulture"
127012,"Perennial horticulture"
127013,"Perennial horticulture"
127014,"Perennial horticulture"
127015,"Perennial horticulture"
127016,"Perennial horticulture"
127017,"Perennial horticulture"
127018,"Perennial horticulture"
127019,"Perennial horticulture"
127020,"Perennial horticulture"
127021,"Perennial horticulture"
127022,"Perennial horticulture"
127023,"Perennial horticulture"
127024,"Perennial horticulture"
127025,"Perennial horticulture"
127026,"Perennial horticulture"
127027,"Perennial horticulture"
127028,"Perennial horticulture"
127029,"Perennial horticulture"
127030,"Perennial horticulture"
127031,"Perennial horticulture"
127032,"Perennial horticulture"
127033,"Perennial horticulture"
127034,"Perennial horticulture"
127035,"Perennial horticulture"
127036,"Perennial horticulture"
127037,"Perennial horticulture"
127038,"Perennial horticulture"
127039,"Perennial horticulture"
127040,"Perennial horticulture"
127041,"Perennial horticulture"
127042,"Perennial horticulture"
127043,"Perennial horticulture"
127044,"Perennial horticulture"
127045,"Perennial horticulture"
127046,"Perennial horticulture"
127047,"Perennial horticulture"
127048,"Perennial horticulture"
127049,"Perennial horticulture"
127050,"Perennial horticulture"
127051,"Perennial horticulture"
127052,"Perennial horticulture"
127053,"Perennial horticulture"
127054,"Perennial horticulture"
127055,"Perennial horticulture"
127056,"Perennial horticulture"
127057,"Perennial horticulture"
127058,"Perennial horticulture"
127059,"Perennial horticulture"
127060,"Perennial horticulture"
127061,"Perennial horticulture"
127062,"Perennial horticulture"
127063,"Perennial horticulture"
127064,"Perennial horticulture"
127065,"Perennial horticulture"
127066,"Perennial horticulture"
127067,"Perennial horticulture"
127068,"Perennial horticulture"
127069,"Perennial horticulture"
127070,"Perennial horticulture"
127071,"Perennial horticulture"
127072,"Perennial horticulture"
127073,"Perennial horticulture"
127074,"Perennial horticulture"
127075,"Perennial horticulture"
127076,"Perennial horticulture"
127077,"Perennial horticulture"
127078,"Perennial horticulture"
127079,"Perennial horticulture"
127080,"Perennial horticulture"
127081,"Perennial horticulture"
127082,"Perennial horticulture"
127083,"Perennial horticulture"
127084,"Perennial horticulture"
127085,"Perennial horticulture"
127086,"Perennial horticulture"
127087,"Perennial horticulture"
127088,"Perennial horticulture"
127089,"Perennial horticulture"
127090,"Perennial horticulture"
127091,"Perennial horticulture"
127092,"Perennial horticulture"
127093,"Perennial horticulture"
127094,"Tree fruits"
127095,"Tree fruits"
127096,"Tree fruits"
127097,"Tree fruits"
127098,"Tree fruits"
127099,"Tree fruits"
127100,"Tree fruits"
127101,"Tree fruits"
127102,"Tree fruits"
127103,"Tree fruits"
127104,"Tree fruits"
127105,"Tree fruits"
127106,"Tree fruits"
127107,"Tree fruits"
127108,"Tree fruits"
127109,"Tree fruits"
127110,"Tree fruits"
127111,"Tree fruits"
127112,"Tree fruits"
127113,"Tree fruits"
127114,"Tree fruits"
127115,"Tree fruits"
127116,"Tree fruits"
127117,"Tree fruits"
127118,"Tree fruits"
127119,"Tree fruits"
127120,"Tree fruits"
127121,"Tree fruits"
127122,"Tree fruits"
127123,"Tree fruits"
127124,"Tree fruits"
127125,"Tree fruits"
127126,"Tree fruits"
127127,"Tree fruits"
127128,"Tree fruits"
127129,"Tree fruits"
127130,"Tree fruits"
127131,"Tree fruits"
127132,"Tree fruits"
127133,"Tree fruits"
127134,"Tree fruits"
127135,"Tree fruits"
127136,"Tree fruits"
127137,"Tree fruits"
127138,"Tree fruits"
127139,"Tree fruits"
127140,"Tree fruits"
127141,"Tree fruits"
127142,"Tree fruits"
127143,"Tree fruits"
127144,"Tree fruits"
127145,"Tree fruits"
127146,"Tree fruits"
127147,"Tree fruits"
127148,"Tree fruits"
127149,"Tree fruits"
127150,"Tree fruits"
127151,"Tree fruits"
127152,"Tree fruits"
127153,"Tree fruits"
127154,"Tree fruits"
127155,"Tree fruits"
127156,"Tree fruits"
127157,"Tree fruits"
127158,"Tree fruits"
127159,"Tree fruits"
127160,"Tree fruits"
127161,"Tree fruits"
127162,"Tree fruits"
127163,"Tree fruits"
127164,"Tree fruits"
127165,"Tree fruits"
127166,"Tree fruits"
127167,"Tree fruits"
127168,"Tree fruits"
127169,"Tree fruits"
127170,"Tree fruits"
127171,"Tree fruits"
127172,"Tree fruits"
127173,"Tree fruits"
127174,"Tree fruits"
127175,"Tree fruits"
127176,"Tree fruits"
127177,"Tree fruits"
127178,"Tree fruits"
127179,"Tree fruits"
127180,"Tree fruits"
127181,"Tree fruits"
127182,"Tree fruits"
127183,"Tree fruits"
127184,"Tree fruits"
127185,"Tree fruits"
127186,"Tree fruits"
127187,"Tree fruits"
127188,"Tree fruits"
127189,"Tree fruits"
127190,"Tree fruits"
127191,"Tree fruits"
127192,"Tree fruits"
127193,"Tree fruits"
127194,"Tree fruits"
127195,"Tree fruits"
127196,"Tree fruits"
127197,"Tree fruits"
127198,"Tree fruits"
127199,"Tree fruits"
127200,"Tree fruits"
127201,"Tree fruits"
127202,"Tree fruits"
127203,"Tree fruits"
127204,"Tree fruits"
127205,"Tree fruits"
127206,"Tree fruits"
127207,"Tree fruits"
127208,"Tree fruits"
127209,"Tree fruits"
127210,"Tree fruits"
127211,"Tree fruits"
127212,"Tree fruits"
127213,"Tree fruits"
127214,"Tree fruits"
127215,"Tree fruits"
127216,"Tree fruits"
127217,"Tree fruits"
127218,"Tree fruits"
127219,"Tree fruits"
127220,"Tree fruits"
127221,"Tree fruits"
127222,"Tree fruits"
127223,"Tree fruits"
127224,"Tree fruits"
127225,"Tree fruits"
127226,"Tree fruits"
127227,"Tree fruits"
127228,"Tree fruits"
127229,"Tree fruits"
127230,"Tree fruits"
127231,"Tree fruits"
127232,"Tree fruits"
127233,"Tree fruits"
127234,"Tree fruits"
127235,"Tree fruits"
127236,"Tree fruits"
127237,"Tree fruits"
127238,"Tree fruits"
127239,"Tree fruits"
127240,"Tree fruits"
127241,"Tree fruits"
127242,"Tree fruits"
127243,"Tree fruits"
127244,"Tree fruits"
127245,"Tree fruits"
127246,"Tree fruits"
127247,"Tree fruits"
127248,"Tree fruits"
127249,"Tree fruits"
127250,"Tree fruits"
127251,"Tree fruits"
127252,"Tree fruits"
127253,"Tree fruits"
127254,"Tree fruits"
127255,"Tree fruits"
127256,"Tree fruits"
127257,"Tree fruits"
127258,"Tree fruits"
127259,"Tree fruits"
127260,"Tree fruits"
127261,"Tree fruits"
127262,"Tree fruits"
127263,"Tree fruits"
127264,"Tree fruits"
127265,"Tree fruits"
127266,"Tree fruits"
127267,"Tree fruits"
127268,"Tree fruits"
127269,"Tree fruits"
127270,"Tree fruits"
127271,"Tree fruits"
127272,"Tree fruits"
127273,"Tree fruits"
127274,"Tree fruits"
127275,"Tree fruits"
127276,"Tree fruits"
127277,"Tree fruits"
127278,"Tree fruits"
127279,"Tree fruits"
127280,"Tree fruits"
127281,"Tree fruits"
127282,"Tree fruits"
127283,"Tree fruits"
127284,"Tree fruits"
127285,"Tree fruits"
127286,"Tree fruits"
127287,"Tree fruits"
127288,"Tree fruits"
127289,"Tree fruits"
127290,"Tree fruits"
127291,"Tree fruits"
127292,"Tree fruits"
127293,"Tree fruits"
127294,"Tree fruits"
127295,"Tree fruits"
127296,"Tree fruits"
127297,"Tree fruits"
127298,"Tree fruits"
127299,"Tree fruits"
127300,"Tree fruits"
127301,"Tree fruits"
127302,"Tree fruits"
127303,"Tree fruits"
127304,"Tree fruits"
127305,"Tree fruits"
127306,"Tree fruits"
127307,"Tree fruits"
127308,"Tree fruits"
127309,"Tree fruits"
127310,"Tree fruits"
127311,"Tree fruits"
127312,"Tree fruits"
127313,"Tree fruits"
127314,"Tree fruits"
127315,"Tree fruits"
127316,"Tree fruits"
127317,"Tree fruits"
127318,"Tree fruits"
127319,"Tree fruits"
127320,"Tree fruits"
127321,"Tree fruits"
127322,"Tree fruits"
127323,"Tree fruits"
127324,"Tree fruits"
127325,"Tree fruits"
127326,"Tree fruits"
127327,"Tree fruits"
127328,"Tree fruits"
127329,"Tree fruits"
127330,"Tree fruits"
127331,"Tree fruits"
127332,"Tree fruits"
127333,"Tree fruits"
127334,"Tree fruits"
127335,"Tree fruits"
127336,"Tree fruits"
127337,"Tree fruits"
127338,"Tree fruits"
127339,"Tree fruits"
127340,"Tree fruits"
127341,"Tree fruits"
127342,"Tree fruits"
127343,"Tree fruits"
127344,"Tree fruits"
127345,"Tree fruits"
127346,"Tree fruits"
127347,"Tree fruits"
127348,"Tree fruits"
127349,"Tree fruits"
127350,"Tree fruits"
127351,"Tree fruits"
127352,"Tree fruits"
127353,"Tree fruits"
127354,"Tree fruits"
127355,"Tree fruits"
127356,"Tree fruits"
127357,"Tree fruits"
127358,"Tree fruits"
127359,"Tree fruits"
127360,"Tree fruits"
127361,"Tree fruits"
127362,"Tree fruits"
127363,"Tree fruits"
127364,"Tree fruits"
127365,"Tree fruits"
127366,"Tree fruits"
127367,"Tree fruits"
127368,"Tree fruits"
127369,"Tree fruits"
127370,"Tree fruits"
127371,"Tree fruits"
127372,"Tree fruits"
127373,"Tree fruits"
127374,"Tree fruits"
127375,"Tree fruits"
127376,"Tree fruits"
127377,"Tree fruits"
127378,"Tree fruits"
127379,"Tree fruits"
127380,"Tree fruits"
127381,"Tree fruits"
127382,"Tree fruits"
127383,"Tree fruits"
127384,"Tree fruits"
127385,"Tree fruits"
127386,"Tree fruits"
127387,"Tree fruits"
127388,"Tree fruits"
127389,"Tree fruits"
127390,"Tree fruits"
127391,"Tree fruits"
127392,"Tree fruits"
127393,"Tree fruits"
127394,"Tree fruits"
127395,"Tree fruits"
127396,"Tree fruits"
127397,"Tree fruits"
127398,"Tree fruits"
127399,"Tree fruits"
127400,"Tree fruits"
127401,"Tree fruits"
127402,"Tree fruits"
127403,"Tree fruits"
127404,"Tree fruits"
127405,"Tree fruits"
127406,"Tree fruits"
127407,"Tree fruits"
127408,"Tree fruits"
127409,"Tree fruits"
127410,"Tree fruits"
127411,"Tree fruits"
127412,"Tree fruits"
127413,"Tree fruits"
127414,"Tree fruits"
127415,"Tree fruits"
127416,"Tree fruits"
127417,"Tree fruits"
127418,"Tree fruits"
127419,"Tree fruits"
127420,"Tree fruits"
127421,"Tree fruits"
127422,"Tree fruits"
127423,"Tree fruits"
127424,"Tree fruits"
127425,"Tree fruits"
127426,"Tree fruits"
127427,"Tree fruits"
127428,"Tree fruits"
127429,"Tree fruits"
127430,"Tree fruits"
127431,"Tree fruits"
127432,"Tree fruits"
127433,"Tree fruits"
127434,"Tree fruits"
127435,"Tree fruits"
127436,"Tree fruits"
127437,"Tree fruits"
127438,"Tree fruits"
127439,"Tree fruits"
127440,"Tree fruits"
127441,"Tree fruits"
127442,"Tree fruits"
127443,"Tree fruits"
127444,"Tree fruits"
127445,"Tree fruits"
127446,"Tree fruits"
127447,"Tree fruits"
127448,"Tree fruits"
127449,"Tree fruits"
127450,"Tree fruits"
127451,"Tree fruits"
127452,"Tree fruits"
127453,"Tree fruits"
127454,"Tree fruits"
127455,"Tree fruits"
127456,"Tree fruits"
127457,"Tree fruits"
127458,"Tree fruits"
127459,"Tree fruits"
127460,"Tree fruits"
127461,"Tree fruits"
127462,"Tree fruits"
127463,"Tree fruits"
127464,"Tree fruits"
127465,"Tree fruits"
127466,"Tree fruits"
127467,"Tree fruits"
127468,"Tree fruits"
127469,"Tree fruits"
127470,"Tree fruits"
127471,"Tree fruits"
127472,"Tree fruits"
127473,"Tree fruits"
127474,"Tree fruits"
127475,"Tree fruits"
127476,"Tree fruits"
127477,"Tree fruits"
127478,"Tree fruits"
127479,"Tree fruits"
127480,"Tree fruits"
127481,"Tree fruits"
127482,"Tree fruits"
127483,"Tree fruits"
127484,"Tree fruits"
127485,"Tree fruits"
127486,"Tree fruits"
127487,"Tree fruits"
127488,"Tree fruits"
127489,"Tree fruits"
127490,"Tree fruits"
127491,"Tree fruits"
127492,"Tree fruits"
127493,"Tree fruits"
127494,"Tree fruits"
127495,"Tree fruits"
127496,"Tree fruits"
127497,"Tree fruits"
127498,"Tree fruits"
127499,"Tree fruits"
127500,"Tree fruits"
127501,"Tree fruits"
127502,"Tree fruits"
127503,"Tree fruits"
127504,"Tree fruits"
127505,"Tree fruits"
127506,"Tree fruits"
127507,"Tree fruits"
127508,"Tree fruits"
127509,"Tree fruits"
127510,"Tree fruits"
127511,"Tree fruits"
127512,"Tree fruits"
127513,"Tree fruits"
127514,"Tree fruits"
127515,"Tree fruits"
127516,"Tree fruits"
127517,"Tree fruits"
127518,"Tree fruits"
127519,"Tree fruits"
127520,"Tree fruits"
127521,"Tree fruits"
127522,"Tree fruits"
127523,"Tree fruits"
127524,"Tree fruits"
127525,"Tree fruits"
127526,"Tree fruits"
127527,"Tree fruits"
127528,"Tree fruits"
127529,"Tree fruits"
127530,"Tree fruits"
127531,"Tree fruits"
127532,"Tree fruits"
127533,"Tree fruits"
127534,"Tree fruits"
127535,"Tree fruits"
127536,"Tree fruits"
127537,"Tree fruits"
127538,"Tree fruits"
127539,"Tree fruits"
127540,"Tree fruits"
127541,"Tree fruits"
127542,"Tree fruits"
127543,"Tree fruits"
127544,"Tree fruits"
127545,"Tree fruits"
127546,"Tree fruits"
127547,"Tree fruits"
127548,"Tree fruits"
127549,"Tree fruits"
127550,"Tree fruits"
127551,"Tree fruits"
127552,"Tree fruits"
127553,"Tree fruits"
127554,"Tree fruits"
127555,"Tree fruits"
127556,"Tree fruits"
127557,"Tree fruits"
127558,"Tree fruits"
127559,"Tree fruits"
127560,"Tree fruits"
127561,"Tree fruits"
127562,"Tree fruits"
127563,"Tree fruits"
127564,"Tree fruits"
127565,"Tree fruits"
127566,"Tree fruits"
127567,"Tree fruits"
127568,"Tree fruits"
127569,"Tree fruits"
127570,"Tree fruits"
127571,"Tree fruits"
127572,"Tree fruits"
127573,"Tree fruits"
127574,"Tree fruits"
127575,"Tree fruits"
127576,"Tree fruits"
127577,"Tree fruits"
127578,"Tree fruits"
127579,"Tree fruits"
127580,"Tree fruits"
127581,"Tree fruits"
127582,"Tree fruits"
127583,"Tree fruits"
127584,"Tree fruits"
127585,"Tree fruits"
127586,"Tree fruits"
127587,"Tree fruits"
127588,"Tree fruits"
127589,"Tree fruits"
127590,"Tree fruits"
127591,"Tree fruits"
127592,"Tree fruits"
127593,"Tree fruits"
127594,"Tree fruits"
127595,"Tree fruits"
127596,"Tree fruits"
127597,"Tree fruits"
127598,"Tree fruits"
127599,"Tree fruits"
127600,"Tree fruits"
127601,"Tree fruits"
127602,"Tree fruits"
127603,"Tree fruits"
127604,"Tree fruits"
127605,"Tree fruits"
127606,"Tree fruits"
127607,"Tree fruits"
127608,"Tree fruits"
127609,"Tree fruits"
127610,"Tree fruits"
127611,"Tree fruits"
127612,"Tree fruits"
127613,"Tree fruits"
127614,"Tree fruits"
127615,"Tree fruits"
127616,"Tree fruits"
127617,"Tree fruits"
127618,"Tree fruits"
127619,"Tree fruits"
127620,"Tree fruits"
127621,"Tree fruits"
127622,"Tree fruits"
127623,"Tree fruits"
127624,"Tree fruits"
127625,"Tree fruits"
127626,"Tree fruits"
127627,"Tree fruits"
127628,"Tree fruits"
127629,"Tree fruits"
127630,"Tree fruits"
127631,"Tree fruits"
127632,"Tree fruits"
127633,"Tree fruits"
127634,"Tree fruits"
127635,"Tree fruits"
127636,"Tree fruits"
127637,"Tree fruits"
127638,"Tree fruits"
127639,"Tree fruits"
127640,"Tree fruits"
127641,"Tree fruits"
127642,"Tree fruits"
127643,"Tree fruits"
127644,"Tree fruits"
127645,"Tree fruits"
127646,"Tree fruits"
127647,"Tree fruits"
127648,"Tree fruits"
127649,"Tree fruits"
127650,"Tree fruits"
127651,"Tree fruits"
127652,"Tree fruits"
127653,"Tree fruits"
127654,"Tree fruits"
127655,"Tree fruits"
127656,"Tree fruits"
127657,"Tree fruits"
127658,"Tree fruits"
127659,"Tree fruits"
127660,"Tree fruits"
127661,"Tree fruits"
127662,"Tree fruits"
127663,"Tree fruits"
127664,"Tree fruits"
127665,"Tree fruits"
127666,"Tree fruits"
127667,"Tree fruits"
127668,"Tree fruits"
127669,"Tree fruits"
127670,"Tree fruits"
127671,"Tree fruits"
127672,"Tree fruits"
127673,"Tree fruits"
127674,"Tree fruits"
127675,"Tree fruits"
127676,"Tree fruits"
127677,"Tree fruits"
127678,"Tree fruits"
127679,"Tree fruits"
127680,"Tree fruits"
127681,"Tree fruits"
127682,"Tree fruits"
127683,"Tree fruits"
127684,"Tree fruits"
127685,"Tree fruits"
127686,"Tree fruits"
127687,"Tree fruits"
127688,"Tree fruits"
127689,"Tree fruits"
127690,"Tree fruits"
127691,"Tree fruits"
127692,"Tree fruits"
127693,"Tree fruits"
127694,"Tree fruits"
127695,"Tree fruits"
127696,"Tree fruits"
127697,"Tree fruits"
127698,"Tree fruits"
127699,"Tree fruits"
127700,"Tree fruits"
127701,"Tree fruits"
127702,"Tree fruits"
127703,"Tree fruits"
127704,"Tree fruits"
127705,"Tree fruits"
127706,"Tree fruits"
127707,"Tree fruits"
127708,"Tree fruits"
127709,"Tree fruits"
127710,"Tree fruits"
127711,"Tree fruits"
127712,"Tree fruits"
127713,"Tree fruits"
127714,"Tree fruits"
127715,"Tree fruits"
127716,"Tree fruits"
127717,"Tree fruits"
127718,"Tree fruits"
127719,"Tree fruits"
127720,"Tree fruits"
127721,"Tree fruits"
127722,"Tree fruits"
127723,"Tree fruits"
127724,"Tree fruits"
127725,"Tree fruits"
127726,"Tree fruits"
127727,"Tree fruits"
127728,"Tree fruits"
127729,"Tree fruits"
127730,"Tree fruits"
127731,"Tree fruits"
127732,"Tree fruits"
127733,"Tree fruits"
127734,"Tree fruits"
127735,"Tree fruits"
127736,"Tree fruits"
127737,"Tree fruits"
127738,"Tree fruits"
127739,"Tree fruits"
127740,"Tree fruits"
127741,"Tree fruits"
127742,"Tree fruits"
127743,"Tree fruits"
127744,"Tree fruits"
127745,"Tree fruits"
127746,"Tree fruits"
127747,"Tree fruits"
127748,"Tree fruits"
127749,"Tree fruits"
127750,"Tree fruits"
127751,"Tree fruits"
127752,"Tree fruits"
127753,"Tree fruits"
127754,"Tree fruits"
127755,"Tree fruits"
127756,"Tree fruits"
127757,"Tree fruits"
127758,"Tree fruits"
127759,"Tree fruits"
127760,"Tree fruits"
127761,"Tree fruits"
127762,"Tree fruits"
127763,"Tree fruits"
127764,"Tree fruits"
127765,"Tree fruits"
127766,"Tree fruits"
127767,"Tree fruits"
127768,"Tree fruits"
127769,"Tree fruits"
127770,"Tree fruits"
127771,"Tree fruits"
127772,"Tree fruits"
127773,"Tree fruits"
127774,"Tree fruits"
127775,"Tree fruits"
127776,"Tree fruits"
127777,"Tree fruits"
127778,"Tree fruits"
127779,"Tree fruits"
127780,"Tree fruits"
127781,"Tree fruits"
127782,"Tree fruits"
127783,"Tree fruits"
127784,"Tree fruits"
127785,"Tree fruits"
127786,"Tree fruits"
127787,"Tree fruits"
127788,"Tree fruits"
127789,"Tree fruits"
127790,"Tree fruits"
127791,"Tree fruits"
127792,"Tree fruits"
127793,"Tree fruits"
127794,"Tree fruits"
127795,"Tree fruits"
127796,"Tree fruits"
127797,"Tree fruits"
127798,"Tree fruits"
127799,"Tree fruits"
127800,"Tree fruits"
127801,"Tree fruits"
127802,"Tree fruits"
127803,"Tree fruits"
127804,"Tree fruits"
127805,"Tree fruits"
127806,"Tree fruits"
127807,"Tree fruits"
127808,"Tree fruits"
127809,"Tree fruits"
127810,"Tree fruits"
127811,"Tree fruits"
127812,"Tree fruits"
127813,"Tree fruits"
127814,"Tree fruits"
127815,"Tree fruits"
127816,"Tree fruits"
127817,"Tree fruits"
127818,"Tree fruits"
127819,"Tree fruits"
127820,"Tree fruits"
127821,"Tree fruits"
127822,"Tree fruits"
127823,"Tree fruits"
127824,"Tree fruits"
127825,"Tree fruits"
127826,"Tree fruits"
127827,"Tree fruits"
127828,"Tree fruits"
127829,"Tree fruits"
127830,"Tree fruits"
127831,"Tree fruits"
127832,"Tree fruits"
127833,"Tree fruits"
127834,"Tree fruits"
127835,"Tree fruits"
127836,"Tree fruits"
127837,"Tree fruits"
127838,"Tree fruits"
127839,"Tree fruits"
127840,"Tree fruits"
127841,"Tree fruits"
127842,"Tree fruits"
127843,"Tree fruits"
127844,"Tree fruits"
127845,"Tree fruits"
127846,"Tree fruits"
127847,"Tree fruits"
127848,"Tree fruits"
127849,"Tree fruits"
127850,"Tree fruits"
127851,"Tree fruits"
127852,"Tree fruits"
127853,"Tree fruits"
127854,"Tree fruits"
127855,"Tree fruits"
127856,"Tree fruits"
127857,"Tree fruits"
127858,"Tree fruits"
127859,"Tree fruits"
127860,"Tree fruits"
127861,"Tree fruits"
127862,"Tree fruits"
127863,"Tree fruits"
127864,"Tree fruits"
127865,"Tree fruits"
127866,"Tree fruits"
127867,"Tree fruits"
127868,"Tree fruits"
127869,"Tree fruits"
127870,"Tree fruits"
127871,"Tree fruits"
127872,"Tree fruits"
127873,"Tree fruits"
127874,"Tree fruits"
127875,"Tree fruits"
127876,"Tree fruits"
127877,"Tree fruits"
127878,"Tree fruits"
127879,"Tree fruits"
127880,"Tree fruits"
127881,"Tree fruits"
127882,"Tree fruits"
127883,"Tree fruits"
127884,"Tree fruits"
127885,"Tree fruits"
127886,"Tree fruits"
127887,"Tree fruits"
127888,"Tree fruits"
127889,"Tree fruits"
127890,"Tree fruits"
127891,"Tree fruits"
127892,"Tree fruits"
127893,"Tree fruits"
127894,"Tree fruits"
127895,"Tree fruits"
127896,"Tree fruits"
127897,"Tree fruits"
127898,"Tree fruits"
127899,"Tree fruits"
127900,"Tree fruits"
127901,"Tree fruits"
127902,"Tree fruits"
127903,"Tree fruits"
127904,"Tree fruits"
127905,"Tree fruits"
127906,"Tree fruits"
127907,"Tree fruits"
127908,"Tree fruits"
127909,"Tree fruits"
127910,"Tree fruits"
127911,"Tree fruits"
127912,"Tree fruits"
127913,"Tree fruits"
127914,"Tree fruits"
127915,"Tree fruits"
127916,"Tree fruits"
127917,"Tree fruits"
127918,"Tree fruits"
127919,"Tree fruits"
127920,"Tree fruits"
127921,"Tree fruits"
127922,"Tree fruits"
127923,"Tree fruits"
127924,"Tree fruits"
127925,"Tree fruits"
127926,"Tree fruits"
127927,"Tree fruits"
127928,"Tree fruits"
127929,"Tree fruits"
127930,"Tree fruits"
127931,"Tree fruits"
127932,"Tree fruits"
127933,"Tree fruits"
127934,"Tree fruits"
127935,"Tree fruits"
127936,"Tree fruits"
127937,"Tree fruits"
127938,"Tree fruits"
127939,"Tree fruits"
127940,"Tree fruits"
127941,"Tree fruits"
127942,"Tree fruits"
127943,"Tree fruits"
127944,"Tree fruits"
127945,"Tree fruits"
127946,"Tree fruits"
127947,"Tree fruits"
127948,"Tree fruits"
127949,"Tree fruits"
127950,"Tree fruits"
127951,"Tree fruits"
127952,"Tree fruits"
127953,"Tree fruits"
127954,"Tree fruits"
127955,"Tree fruits"
127956,"Tree fruits"
127957,"Tree fruits"
127958,"Tree fruits"
127959,"Tree fruits"
127960,"Tree fruits"
127961,"Tree fruits"
127962,"Tree fruits"
127963,"Tree fruits"
127964,"Tree fruits"
127965,"Tree fruits"
127966,"Tree fruits"
127967,"Tree fruits"
127968,"Tree fruits"
127969,"Tree fruits"
127970,"Tree fruits"
127971,"Tree fruits"
127972,"Tree fruits"
127973,"Tree fruits"
127974,"Tree fruits"
127975,"Tree fruits"
127976,"Tree fruits"
127977,"Tree fruits"
127978,"Tree fruits"
127979,"Tree fruits"
127980,"Tree fruits"
127981,"Tree fruits"
127982,"Tree fruits"
127983,"Tree fruits"
127984,"Tree fruits"
127985,"Tree fruits"
127986,"Tree fruits"
127987,"Tree fruits"
127988,"Tree fruits"
127989,"Tree fruits"
127990,"Tree fruits"
127991,"Tree fruits"
127992,"Tree fruits"
127993,"Tree fruits"
127994,"Tree fruits"
127995,"Tree fruits"
127996,"Tree fruits"
127997,"Tree fruits"
127998,"Tree fruits"
127999,"Tree fruits"
128000,"Tree fruits"
128001,"Tree fruits"
128002,"Tree fruits"
128003,"Tree fruits"
128004,"Tree fruits"
128005,"Tree fruits"
128006,"Tree fruits"
128007,"Tree fruits"
128008,"Tree fruits"
128009,"Tree fruits"
128010,"Tree fruits"
128011,"Tree fruits"
128012,"Tree fruits"
128013,"Tree fruits"
128014,"Tree fruits"
128015,"Tree fruits"
128016,"Tree fruits"
128017,"Tree fruits"
128018,"Tree fruits"
128019,"Tree fruits"
128020,"Tree fruits"
128021,"Tree fruits"
128022,"Tree fruits"
128023,"Tree fruits"
128024,"Tree fruits"
128025,"Tree fruits"
128026,"Tree fruits"
128027,"Tree fruits"
128028,"Tree fruits"
128029,"Tree fruits"
128030,"Tree fruits"
128031,"Tree fruits"
128032,"Tree fruits"
128033,"Tree fruits"
128034,"Tree fruits"
128035,"Tree fruits"
128036,"Tree fruits"
128037,"Tree fruits"
128038,"Tree fruits"
128039,"Tree fruits"
128040,"Tree fruits"
128041,"Tree fruits"
128042,"Tree fruits"
128043,"Tree fruits"
128044,"Tree fruits"
128045,"Tree fruits"
128046,"Tree fruits"
128047,"Tree fruits"
128048,"Tree fruits"
128049,"Tree fruits"
128050,"Tree fruits"
128051,"Tree fruits"
128052,"Tree fruits"
128053,"Tree fruits"
128054,"Tree fruits"
128055,"Tree fruits"
128056,"Tree fruits"
128057,"Tree fruits"
128058,"Tree fruits"
128059,"Tree fruits"
128060,"Tree fruits"
128061,"Tree fruits"
128062,"Tree fruits"
128063,"Tree fruits"
128064,"Tree fruits"
128065,"Tree fruits"
128066,"Tree fruits"
128067,"Tree fruits"
128068,"Tree fruits"
128069,"Tree fruits"
128070,"Tree fruits"
128071,"Tree fruits"
128072,"Tree fruits"
128073,"Tree fruits"
128074,"Tree fruits"
128075,"Tree fruits"
128076,"Tree fruits"
128077,"Tree fruits"
128078,"Tree fruits"
128079,"Tree fruits"
128080,"Tree fruits"
128081,"Tree fruits"
128082,"Tree fruits"
128083,"Tree fruits"
128084,"Tree fruits"
128085,"Tree fruits"
128086,"Tree fruits"
128087,"Tree fruits"
128088,"Tree fruits"
128089,"Tree fruits"
128090,"Tree fruits"
128091,"Tree fruits"
128092,"Tree fruits"
128093,"Tree fruits"
128094,"Tree fruits"
128095,"Tree fruits"
128096,"Tree fruits"
128097,"Tree fruits"
128098,"Tree fruits"
128099,"Tree fruits"
128100,"Tree fruits"
128101,"Tree fruits"
128102,"Tree fruits"
128103,"Tree fruits"
128104,"Tree fruits"
128105,"Tree fruits"
128106,"Tree fruits"
128107,"Tree fruits"
128108,"Tree fruits"
128109,"Tree fruits"
128110,"Tree fruits"
128111,"Tree fruits"
128112,"Tree fruits"
128113,"Tree fruits"
128114,"Tree fruits"
128115,"Tree fruits"
128116,"Tree fruits"
128117,"Tree fruits"
128118,"Tree fruits"
128119,"Tree fruits"
128120,"Tree fruits"
128121,"Tree fruits"
128122,"Tree fruits"
128123,"Tree fruits"
128124,"Tree fruits"
128125,"Tree fruits"
128126,"Tree fruits"
128127,"Tree fruits"
128128,"Tree fruits"
128129,"Tree fruits"
128130,"Tree fruits"
128131,"Tree fruits"
128132,"Tree fruits"
128133,"Tree fruits"
128134,"Tree fruits"
128135,"Tree fruits"
128136,"Tree fruits"
128137,"Tree fruits"
128138,"Tree fruits"
128139,"Tree fruits"
128140,"Tree fruits"
128141,"Tree fruits"
128142,"Tree fruits"
128143,"Tree fruits"
128144,"Tree fruits"
128145,"Tree fruits"
128146,"Tree fruits"
128147,"Tree fruits"
128148,"Tree fruits"
128149,"Tree fruits"
128150,"Tree fruits"
128151,"Tree fruits"
128152,"Tree fruits"
128153,"Tree fruits"
128154,"Tree fruits"
128155,"Tree fruits"
128156,"Tree fruits"
128157,"Tree fruits"
128158,"Tree fruits"
128159,"Tree fruits"
128160,"Tree fruits"
128161,"Tree fruits"
128162,"Tree fruits"
128163,"Tree fruits"
128164,"Tree fruits"
128165,"Tree fruits"
128166,"Tree fruits"
128167,"Tree fruits"
128168,"Tree fruits"
128169,"Tree fruits"
128170,"Tree fruits"
128171,"Tree fruits"
128172,"Tree fruits"
128173,"Tree fruits"
128174,"Tree fruits"
128175,"Tree fruits"
128176,"Tree fruits"
128177,"Tree fruits"
128178,"Tree fruits"
128179,"Tree fruits"
128180,"Tree fruits"
128181,"Tree fruits"
128182,"Tree fruits"
128183,"Tree fruits"
128184,"Tree fruits"
128185,"Tree fruits"
128186,"Tree fruits"
128187,"Tree fruits"
128188,"Tree fruits"
128189,"Tree fruits"
128190,"Tree fruits"
128191,"Tree fruits"
128192,"Tree fruits"
128193,"Tree fruits"
128194,"Tree fruits"
128195,"Tree fruits"
128196,"Tree fruits"
128197,"Tree fruits"
128198,"Tree fruits"
128199,"Tree fruits"
128200,"Tree fruits"
128201,"Tree fruits"
128202,"Tree fruits"
128203,"Tree fruits"
128204,"Tree fruits"
128205,"Tree fruits"
128206,"Tree fruits"
128207,"Tree fruits"
128208,"Tree fruits"
128209,"Tree fruits"
128210,"Tree fruits"
128211,"Tree fruits"
128212,"Tree fruits"
128213,"Tree fruits"
128214,"Tree fruits"
128215,"Tree fruits"
128216,"Tree fruits"
128217,"Tree fruits"
128218,"Tree fruits"
128219,"Tree fruits"
128220,"Tree fruits"
128221,"Tree fruits"
128222,"Tree fruits"
128223,"Tree fruits"
128224,"Tree fruits"
128225,"Tree fruits"
128226,"Tree fruits"
128227,"Tree fruits"
128228,"Tree fruits"
128229,"Tree fruits"
128230,"Tree fruits"
128231,"Tree fruits"
128232,"Tree fruits"
128233,"Tree fruits"
128234,"Tree fruits"
128235,"Tree fruits"
128236,"Tree fruits"
128237,"Tree fruits"
128238,"Tree fruits"
128239,"Tree fruits"
128240,"Tree fruits"
128241,"Tree fruits"
128242,"Tree fruits"
128243,"Tree fruits"
128244,"Tree fruits"
128245,"Tree fruits"
128246,"Tree fruits"
128247,"Tree fruits"
128248,"Tree fruits"
128249,"Tree fruits"
128250,"Tree fruits"
128251,"Tree fruits"
128252,"Tree fruits"
128253,"Tree fruits"
128254,"Tree fruits"
128255,"Tree fruits"
128256,"Tree fruits"
128257,"Tree fruits"
128258,"Tree fruits"
128259,"Tree fruits"
128260,"Tree fruits"
128261,"Tree fruits"
128262,"Tree fruits"
128263,"Tree fruits"
128264,"Tree fruits"
128265,"Tree fruits"
128266,"Tree fruits"
128267,"Tree fruits"
128268,"Tree fruits"
128269,"Tree fruits"
128270,"Tree fruits"
128271,"Tree fruits"
128272,"Tree fruits"
128273,"Tree fruits"
128274,"Tree fruits"
128275,"Tree fruits"
128276,"Tree fruits"
128277,"Tree fruits"
128278,"Tree fruits"
128279,"Tree fruits"
128280,"Tree fruits"
128281,"Tree fruits"
128282,"Tree fruits"
128283,"Tree fruits"
128284,"Tree fruits"
128285,"Tree fruits"
128286,"Tree fruits"
128287,"Tree fruits"
128288,"Tree fruits"
128289,"Tree fruits"
128290,"Tree fruits"
128291,"Tree fruits"
128292,"Tree fruits"
128293,"Tree fruits"
128294,"Tree fruits"
128295,"Tree fruits"
128296,"Tree fruits"
128297,"Tree fruits"
128298,"Tree fruits"
128299,"Tree fruits"
128300,"Tree fruits"
128301,"Tree fruits"
128302,"Tree fruits"
128303,"Tree fruits"
128304,"Tree fruits"
128305,"Tree fruits"
128306,"Tree fruits"
128307,"Tree fruits"
128308,"Tree fruits"
128309,"Tree fruits"
128310,"Tree fruits"
128311,"Tree fruits"
128312,"Tree fruits"
128313,"Tree fruits"
128314,"Tree fruits"
128315,"Tree fruits"
128316,"Tree fruits"
128317,"Tree fruits"
128318,"Tree fruits"
128319,"Tree fruits"
128320,"Tree fruits"
128321,"Tree fruits"
128322,"Tree fruits"
128323,"Tree fruits"
128324,"Tree fruits"
128325,"Tree fruits"
128326,"Tree fruits"
128327,"Tree fruits"
128328,"Tree fruits"
128329,"Tree fruits"
128330,"Tree fruits"
128331,"Tree fruits"
128332,"Tree fruits"
128333,"Tree fruits"
128334,"Tree fruits"
128335,"Tree fruits"
128336,"Tree fruits"
128337,"Tree fruits"
128338,"Tree fruits"
128339,"Tree fruits"
128340,"Tree fruits"
128341,"Tree fruits"
128342,"Tree fruits"
128343,"Tree fruits"
128344,"Tree fruits"
128345,"Tree fruits"
128346,"Tree fruits"
128347,"Tree fruits"
128348,"Tree fruits"
128349,"Tree fruits"
128350,"Tree fruits"
128351,"Tree fruits"
128352,"Tree fruits"
128353,"Tree fruits"
128354,"Tree fruits"
128355,"Tree fruits"
128356,"Tree fruits"
128357,"Tree fruits"
128358,"Tree fruits"
128359,"Tree fruits"
128360,"Tree fruits"
128361,"Tree fruits"
128362,"Tree fruits"
128363,"Tree fruits"
128364,"Tree fruits"
128365,"Tree fruits"
128366,"Tree fruits"
128367,"Tree fruits"
128368,"Tree fruits"
128369,"Tree fruits"
128370,"Tree fruits"
128371,"Tree fruits"
128372,"Tree fruits"
128373,"Tree fruits"
128374,"Tree fruits"
128375,"Tree fruits"
128376,"Tree fruits"
128377,"Tree fruits"
128378,"Tree fruits"
128379,"Tree fruits"
128380,"Tree fruits"
128381,"Tree fruits"
128382,"Tree fruits"
128383,"Tree fruits"
128384,"Tree fruits"
128385,"Tree fruits"
128386,"Tree fruits"
128387,"Tree fruits"
128388,"Tree fruits"
128389,"Tree fruits"
128390,"Tree fruits"
128391,"Tree fruits"
128392,"Tree fruits"
128393,"Tree fruits"
128394,"Tree fruits"
129309,"Shrub berries and fruits"
129310,"Shrub berries and fruits"
129311,"Shrub berries and fruits"
129312,"Shrub berries and fruits"
129313,"Shrub berries and fruits"
129314,"Shrub berries and fruits"
129315,"Shrub berries and fruits"
129316,"Shrub berries and fruits"
129317,"Shrub berries and fruits"
129318,"Shrub berries and fruits"
129319,"Shrub berries and fruits"
129320,"Shrub berries and fruits"
129321,"Shrub berries and fruits"
129322,"Shrub berries and fruits"
129323,"Shrub berries and fruits"
129324,"Shrub berries and fruits"
129325,"Shrub berries and fruits"
129326,"Shrub berries and fruits"
129327,"Shrub berries and fruits"
129328,"Shrub berries and fruits"
129329,"Shrub berries and fruits"
129330,"Shrub berries and fruits"
129331,"Shrub berries and fruits"
129332,"Shrub berries and fruits"
129333,"Shrub berries and fruits"
129334,"Shrub berries and fruits"
129335,"Shrub berries and fruits"
129336,"Shrub berries and fruits"
129337,"Shrub berries and fruits"
129338,"Shrub berries and fruits"
129339,"Shrub berries and fruits"
129340,"Shrub berries and fruits"
129341,"Shrub berries and fruits"
129342,"Shrub berries and fruits"
129343,"Shrub berries and fruits"
129344,"Shrub berries and fruits"
129345,"Shrub berries and fruits"
129346,"Shrub berries and fruits"
129347,"Shrub berries and fruits"
129348,"Shrub berries and fruits"
129349,"Shrub berries and fruits"
129350,"Shrub berries and fruits"
129351,"Shrub berries and fruits"
129352,"Shrub berries and fruits"
129353,"Shrub berries and fruits"
129354,"Shrub berries and fruits"
129355,"Shrub berries and fruits"
129356,"Shrub berries and fruits"
129357,"Shrub berries and fruits"
129358,"Shrub berries and fruits"
129359,"Shrub berries and fruits"
129360,"Shrub berries and fruits"
129361,"Shrub berries and fruits"
129362,"Shrub berries and fruits"
129363,"Shrub berries and fruits"
129364,"Shrub berries and fruits"
129365,"Shrub berries and fruits"
129366,"Shrub berries and fruits"
129367,"Shrub berries and fruits"
129368,"Shrub berries and fruits"
129369,"Shrub berries and fruits"
129370,"Shrub berries and fruits"
129371,"Shrub berries and fruits"
129372,"Shrub berries and fruits"
129373,"Shrub berries and fruits"
129374,"Shrub berries and fruits"
129375,"Shrub berries and fruits"
129376,"Shrub berries and fruits"
129377,"Shrub berries and fruits"
129378,"Shrub berries and fruits"
129379,"Shrub berries and fruits"
129380,"Shrub berries and fruits"
129381,"Shrub berries and fruits"
129382,"Shrub berries and fruits"
129383,"Shrub berries and fruits"
129384,"Shrub berries and fruits"
129385,"Shrub berries and fruits"
129386,"Shrub berries and fruits"
129387,"Shrub berries and fruits"
129388,"Shrub berries and fruits"
129389,"Shrub berries and fruits"
129390,"Shrub berries and fruits"
129391,"Shrub berries and fruits"
129392,"Shrub berries and fruits"
129393,"Shrub berries and fruits"
129394,"Shrub berries and fruits"
129395,"Shrub berries and fruits"
129396,"Shrub berries and fruits"
129397,"Shrub berries and fruits"
129398,"Shrub berries and fruits"
129399,"Shrub berries and fruits"
129400,"Shrub berries and fruits"
129401,"Shrub berries and fruits"
129402,"Shrub berries and fruits"
129403,"Shrub berries and fruits"
129404,"Shrub berries and fruits"
129405,"Shrub berries and fruits"
129406,"Shrub berries and fruits"
129407,"Shrub berries and fruits"
129408,"Shrub berries and fruits"
129409,"Shrub berries and fruits"
129410,"Shrub berries and fruits"
129411,"Shrub berries and fruits"
129412,"Shrub berries and fruits"
129413,"Shrub berries and fruits"
129414,"Shrub berries and fruits"
129415,"Shrub berries and fruits"
129416,"Shrub berries and fruits"
129417,"Shrub berries and fruits"
129418,"Shrub berries and fruits"
129419,"Shrub berries and fruits"
129420,"Shrub berries and fruits"
129421,"Shrub berries and fruits"
129422,"Shrub berries and fruits"
129423,"Shrub berries and fruits"
129424,"Shrub berries and fruits"
129425,"Shrub berries and fruits"
129426,"Shrub berries and fruits"
129427,"Shrub berries and fruits"
129428,"Shrub berries and fruits"
129429,"Shrub berries and fruits"
129430,"Shrub berries and fruits"
129431,"Shrub berries and fruits"
129432,"Shrub berries and fruits"
129433,"Shrub berries and fruits"
129434,"Shrub berries and fruits"
129435,"Shrub berries and fruits"
129436,"Shrub berries and fruits"
129437,"Shrub berries and fruits"
129438,"Shrub berries and fruits"
129439,"Shrub berries and fruits"
129440,"Shrub berries and fruits"
129441,"Shrub berries and fruits"
129442,"Shrub berries and fruits"
129443,"Shrub berries and fruits"
129444,"Shrub berries and fruits"
129445,"Shrub berries and fruits"
129446,"Shrub berries and fruits"
129447,"Shrub berries and fruits"
129448,"Shrub berries and fruits"
129449,"Shrub berries and fruits"
129450,"Shrub berries and fruits"
129451,"Shrub berries and fruits"
129452,"Shrub berries and fruits"
129453,"Shrub berries and fruits"
129454,"Shrub berries and fruits"
129455,"Shrub berries and fruits"
129456,"Shrub berries and fruits"
129457,"Shrub berries and fruits"
129458,"Shrub berries and fruits"
129459,"Shrub berries and fruits"
129460,"Shrub berries and fruits"
129461,"Shrub berries and fruits"
129462,"Shrub berries and fruits"
129463,"Shrub berries and fruits"
129464,"Shrub berries and fruits"
129465,"Shrub berries and fruits"
129466,"Shrub berries and fruits"
129467,"Shrub berries and fruits"
129468,"Shrub berries and fruits"
129469,"Shrub berries and fruits"
129470,"Shrub berries and fruits"
129471,"Shrub berries and fruits"
129472,"Shrub berries and fruits"
129473,"Shrub berries and fruits"
129474,"Shrub berries and fruits"
129475,"Shrub berries and fruits"
129476,"Shrub berries and fruits"
129477,"Shrub berries and fruits"
129478,"Shrub berries and fruits"
129479,"Shrub berries and fruits"
129480,"Shrub berries and fruits"
129481,"Shrub berries and fruits"
129482,"Shrub berries and fruits"
129483,"Shrub berries and fruits"
129484,"Shrub berries and fruits"
129485,"Shrub berries and fruits"
129486,"Shrub berries and fruits"
129487,"Citrus"
129488,"Citrus"
129489,"Citrus"
129490,"Citrus"
129491,"Citrus"
129492,"Citrus"
129493,"Citrus"
129494,"Citrus"
129495,"Citrus"
129496,"Citrus"
129497,"Citrus"
129498,"Citrus"
129499,"Citrus"
129500,"Citrus"
129501,"Citrus"
129502,"Citrus"
129503,"Citrus"
129504,"Citrus"
129505,"Citrus"
129506,"Citrus"
129507,"Citrus"
129508,"Citrus"
129509,"Citrus"
129510,"Citrus"
129511,"Citrus"
129512,"Citrus"
129513,"Citrus"
129514,"Citrus"
129515,"Citrus"
129516,"Citrus"
129517,"Citrus"
129518,"Citrus"
129519,"Citrus"
129520,"Citrus"
129521,"Citrus"
129522,"Citrus"
129523,"Citrus"
129524,"Citrus"
129525,"Citrus"
129526,"Citrus"
129527,"Citrus"
129528,"Citrus"
129529,"Citrus"
129530,"Citrus"
129531,"Citrus"
129532,"Citrus"
129533,"Citrus"
129534,"Citrus"
129535,"Citrus"
129536,"Citrus"
129537,"Citrus"
129538,"Citrus"
129539,"Citrus"
129540,"Citrus"
129541,"Citrus"
129542,"Citrus"
129543,"Citrus"
129544,"Citrus"
129545,"Citrus"
129546,"Citrus"
129547,"Citrus"
129548,"Citrus"
129549,"Citrus"
129550,"Citrus"
129551,"Citrus"
129552,"Citrus"
129553,"Citrus"
129554,"Citrus"
129555,"Citrus"
129556,"Citrus"
129557,"Citrus"
129558,"Citrus"
129559,"Citrus"
129560,"Citrus"
129561,"Citrus"
129562,"Citrus"
129563,"Citrus"
129564,"Citrus"
129565,"Citrus"
129566,"Citrus"
129567,"Citrus"
129568,"Citrus"
129569,"Citrus"
129570,"Citrus"
129571,"Citrus"
129572,"Citrus"
129573,"Citrus"
129574,"Citrus"
129575,"Citrus"
129576,"Citrus"
129577,"Citrus"
129578,"Citrus"
129579,"Citrus"
129580,"Citrus"
129581,"Citrus"
129582,"Citrus"
129583,"Citrus"
129584,"Citrus"
129585,"Citrus"
129586,"Citrus"
129587,"Citrus"
129588,"Citrus"
129589,"Citrus"
129590,"Citrus"
129591,"Citrus"
129592,"Citrus"
129593,"Citrus"
129594,"Citrus"
129595,"Citrus"
129596,"Citrus"
129597,"Citrus"
129598,"Citrus"
129599,"Citrus"
129600,"Citrus"
129601,"Citrus"
129602,"Citrus"
129603,"Citrus"
129604,"Citrus"
129605,"Citrus"
129606,"Citrus"
129607,"Citrus"
129608,"Citrus"
129609,"Citrus"
129610,"Citrus"
129611,"Citrus"
129612,"Citrus"
129613,"Citrus"
129614,"Citrus"
129615,"Citrus"
129616,"Citrus"
129617,"Citrus"
129618,"Citrus"
129619,"Citrus"
129620,"Citrus"
129621,"Citrus"
129622,"Citrus"
129623,"Citrus"
129624,"Citrus"
129625,"Citrus"
129626,"Citrus"
129627,"Citrus"
129628,"Citrus"
129629,"Citrus"
129630,"Citrus"
129631,"Citrus"
129632,"Citrus"
129633,"Citrus"
129634,"Citrus"
129635,"Citrus"
129636,"Citrus"
129637,"Citrus"
129638,"Citrus"
129639,"Citrus"
129640,"Citrus"
129641,"Citrus"
129642,"Citrus"
129643,"Citrus"
129644,"Citrus"
129645,"Citrus"
129646,"Citrus"
129647,"Citrus"
129648,"Citrus"
129649,"Citrus"
129650,"Citrus"
129651,"Citrus"
129652,"Citrus"
129653,"Citrus"
129654,"Citrus"
129655,"Citrus"
129656,"Citrus"
129657,"Citrus"
129658,"Citrus"
129659,"Citrus"
129660,"Citrus"
129661,"Citrus"
129662,"Citrus"
129663,"Citrus"
129664,"Citrus"
129665,"Citrus"
129666,"Citrus"
129667,"Citrus"
129668,"Citrus"
129669,"Citrus"
129670,"Citrus"
129671,"Citrus"
129672,"Citrus"
129673,"Citrus"
129674,"Citrus"
129675,"Citrus"
129676,"Citrus"
129677,"Citrus"
129678,"Citrus"
129679,"Citrus"
129680,"Citrus"
129681,"Citrus"
129682,"Citrus"
129683,"Citrus"
129684,"Citrus"
129685,"Citrus"
129686,"Citrus"
129687,"Citrus"
129688,"Citrus"
129689,"Citrus"
129690,"Citrus"
129691,"Citrus"
129692,"Citrus"
129693,"Citrus"
129694,"Citrus"
129695,"Citrus"
129696,"Citrus"
129697,"Citrus"
129698,"Citrus"
129699,"Citrus"
129700,"Citrus"
129701,"Citrus"
129702,"Citrus"
129703,"Citrus"
129704,"Citrus"
129705,"Citrus"
129706,"Citrus"
129707,"Citrus"
129708,"Citrus"
129709,"Citrus"
129710,"Citrus"
129711,"Citrus"
129712,"Citrus"
129713,"Citrus"
129714,"Citrus"
129715,"Citrus"
129716,"Citrus"
129717,"Citrus"
129718,"Citrus"
129719,"Citrus"
129720,"Citrus"
129721,"Citrus"
129722,"Citrus"
129723,"Citrus"
129724,"Citrus"
129725,"Citrus"
129726,"Citrus"
129727,"Citrus"
129728,"Citrus"
129729,"Citrus"
129730,"Citrus"
129731,"Citrus"
129732,"Citrus"
129733,"Citrus"
129734,"Citrus"
129735,"Citrus"
129736,"Citrus"
129737,"Citrus"
129738,"Citrus"
129739,"Citrus"
129740,"Citrus"
129741,"Citrus"
129742,"Citrus"
129743,"Citrus"
129744,"Citrus"
129745,"Citrus"
129746,"Citrus"
129747,"Citrus"
129748,"Citrus"
129749,"Citrus"
129750,"Citrus"
129751,"Citrus"
129752,"Citrus"
129753,"Citrus"
129754,"Citrus"
129755,"Citrus"
129756,"Citrus"
129757,"Citrus"
129758,"Citrus"
129759,"Citrus"
129760,"Citrus"
129761,"Citrus"
129762,"Citrus"
129763,"Citrus"
129764,"Citrus"
129765,"Citrus"
129766,"Citrus"
129767,"Citrus"
129768,"Citrus"
129769,"Citrus"
129770,"Citrus"
129771,"Citrus"
129772,"Citrus"
129773,"Citrus"
129774,"Citrus"
129775,"Citrus"
129776,"Citrus"
129777,"Citrus"
129778,"Citrus"
129779,"Citrus"
129780,"Citrus"
129781,"Citrus"
129782,"Citrus"
129783,"Citrus"
129784,"Citrus"
129785,"Citrus"
129786,"Citrus"
129787,"Citrus"
129788,"Citrus"
129789,"Citrus"
129790,"Citrus"
129791,"Citrus"
129792,"Citrus"
129793,"Citrus"
129794,"Citrus"
129795,"Citrus"
129796,"Citrus"
129797,"Citrus"
129798,"Citrus"
129799,"Citrus"
129800,"Citrus"
129801,"Citrus"
129802,"Citrus"
129803,"Citrus"
129804,"Citrus"
129805,"Citrus"
129806,"Citrus"
129807,"Citrus"
129808,"Citrus"
129809,"Citrus"
129810,"Citrus"
129811,"Citrus"
129812,"Citrus"
129813,"Citrus"
129814,"Citrus"
129815,"Citrus"
129816,"Citrus"
129817,"Citrus"
129818,"Citrus"
129819,"Citrus"
129820,"Citrus"
129821,"Citrus"
129822,"Citrus"
129823,"Citrus"
129824,"Citrus"
129825,"Citrus"
129826,"Citrus"
129827,"Citrus"
129828,"Citrus"
129829,"Citrus"
129830,"Citrus"
129831,"Citrus"
129832,"Citrus"
129833,"Citrus"
129834,"Citrus"
129835,"Citrus"
129836,"Citrus"
129837,"Citrus"
129838,"Citrus"
129839,"Citrus"
129840,"Citrus"
129841,"Citrus"
129842,"Citrus"
129843,"Citrus"
129844,"Citrus"
129845,"Citrus"
129846,"Citrus"
129847,"Citrus"
129848,"Citrus"
129849,"Citrus"
129850,"Citrus"
129851,"Citrus"
129852,"Citrus"
129853,"Citrus"
129854,"Citrus"
129855,"Citrus"
129856,"Citrus"
129857,"Citrus"
129858,"Citrus"
129859,"Citrus"
129860,"Citrus"
129861,"Citrus"
129862,"Citrus"
129863,"Citrus"
129864,"Citrus"
129865,"Citrus"
129866,"Citrus"
129867,"Citrus"
129868,"Citrus"
129869,"Citrus"
129870,"Citrus"
129871,"Citrus"
129872,"Citrus"
129873,"Citrus"
129874,"Citrus"
129875,"Citrus"
129876,"Citrus"
129877,"Citrus"
129878,"Citrus"
129879,"Citrus"
129880,"Citrus"
129881,"Citrus"
129882,"Citrus"
129883,"Citrus"
129884,"Citrus"
129885,"Citrus"
129886,"Citrus"
129887,"Citrus"
129888,"Citrus"
129889,"Citrus"
129890,"Citrus"
129891,"Citrus"
129892,"Citrus"
129893,"Citrus"
129894,"Citrus"
129895,"Citrus"
129896,"Citrus"
129897,"Citrus"
129898,"Citrus"
129899,"Citrus"
129900,"Citrus"
129901,"Citrus"
129902,"Citrus"
129903,"Citrus"
129904,"Citrus"
129905,"Citrus"
129906,"Citrus"
129907,"Citrus"
129908,"Citrus"
129909,"Citrus"
129910,"Citrus"
129911,"Citrus"
129912,"Citrus"
129913,"Citrus"
129914,"Citrus"
129915,"Citrus"
129916,"Citrus"
129917,"Citrus"
129918,"Citrus"
129919,"Citrus"
129920,"Citrus"
129921,"Citrus"
129922,"Citrus"
129923,"Citrus"
129924,"Citrus"
129925,"Citrus"
129926,"Citrus"
129927,"Citrus"
129928,"Citrus"
129929,"Citrus"
129930,"Citrus"
129931,"Citrus"
129932,"Citrus"
129933,"Citrus"
129934,"Citrus"
129935,"Citrus"
129936,"Citrus"
129937,"Citrus"
129938,"Citrus"
129939,"Citrus"
129940,"Citrus"
129941,"Citrus"
129942,"Citrus"
129943,"Citrus"
129944,"Citrus"
129945,"Citrus"
129946,"Citrus"
129947,"Citrus"
129948,"Citrus"
129949,"Citrus"
129950,"Citrus"
129951,"Citrus"
129952,"Citrus"
129953,"Citrus"
129954,"Citrus"
129955,"Citrus"
129956,"Citrus"
129957,"Citrus"
129958,"Citrus"
129959,"Citrus"
129960,"Citrus"
129961,"Citrus"
129962,"Citrus"
129963,"Citrus"
129964,"Citrus"
129965,"Citrus"
129966,"Citrus"
129967,"Citrus"
129968,"Citrus"
129969,"Citrus"
129970,"Citrus"
129971,"Citrus"
129972,"Citrus"
129973,"Citrus"
129974,"Citrus"
129975,"Citrus"
129976,"Citrus"
129977,"Citrus"
129978,"Citrus"
129979,"Citrus"
129980,"Citrus"
129981,"Citrus"
129982,"Citrus"
129983,"Citrus"
129984,"Citrus"
129985,"Citrus"
129986,"Citrus"
129987,"Citrus"
129988,"Citrus"
129989,"Citrus"
129990,"Citrus"
129991,"Citrus"
129992,"Citrus"
129993,"Citrus"
129994,"Citrus"
129995,"Citrus"
129996,"Citrus"
129997,"Citrus"
129998,"Citrus"
129999,"Citrus"
130000,"Citrus"
130001,"Citrus"
130002,"Citrus"
130003,"Citrus"
130004,"Citrus"
130005,"Citrus"
130006,"Citrus"
130007,"Citrus"
130008,"Citrus"
130009,"Citrus"
130010,"Citrus"
130011,"Citrus"
130012,"Citrus"
130013,"Citrus"
130014,"Citrus"
130015,"Citrus"
130016,"Citrus"
130017,"Citrus"
130018,"Citrus"
130019,"Citrus"
130020,"Citrus"
130021,"Citrus"
130022,"Citrus"
130023,"Citrus"
130024,"Citrus"
130025,"Citrus"
130026,"Citrus"
130027,"Citrus"
130028,"Citrus"
130029,"Citrus"
130030,"Citrus"
130031,"Citrus"
130032,"Citrus"
130033,"Citrus"
130034,"Citrus"
130035,"Citrus"
130036,"Citrus"
130037,"Citrus"
130038,"Citrus"
130039,"Citrus"
130040,"Citrus"
130041,"Citrus"
130042,"Citrus"
130043,"Citrus"
130044,"Citrus"
130045,"Citrus"
130046,"Citrus"
130047,"Citrus"
130048,"Citrus"
130049,"Citrus"
130050,"Citrus"
130051,"Citrus"
130052,"Citrus"
130053,"Citrus"
130054,"Citrus"
130055,"Citrus"
130056,"Citrus"
130057,"Citrus"
130058,"Citrus"
130059,"Citrus"
130060,"Citrus"
130061,"Citrus"
130062,"Citrus"
130063,"Citrus"
130064,"Citrus"
130065,"Citrus"
130066,"Citrus"
130067,"Citrus"
130068,"Citrus"
130069,"Citrus"
130070,"Citrus"
130071,"Citrus"
130072,"Citrus"
130073,"Citrus"
130074,"Citrus"
130075,"Citrus"
130076,"Citrus"
130077,"Citrus"
130078,"Citrus"
130079,"Citrus"
130080,"Citrus"
130081,"Citrus"
130082,"Citrus"
130083,"Citrus"
130084,"Citrus"
130085,"Citrus"
130086,"Citrus"
130087,"Citrus"
130088,"Citrus"
130089,"Citrus"
130090,"Citrus"
130091,"Grapes"
130092,"Grapes"
130093,"Grapes"
130094,"Grapes"
130095,"Grapes"
130096,"Grapes"
130097,"Grapes"
130098,"Grapes"
130099,"Grapes"
130100,"Grapes"
130101,"Grapes"
130102,"Grapes"
130103,"Grapes"
130104,"Grapes"
130105,"Grapes"
130106,"Grapes"
130107,"Grapes"
130108,"Grapes"
130109,"Grapes"
130110,"Grapes"
130111,"Grapes"
130112,"Grapes"
130113,"Grapes"
130114,"Grapes"
130115,"Grapes"
130116,"Grapes"
130117,"Grapes"
130118,"Grapes"
130119,"Grapes"
130120,"Grapes"
130121,"Grapes"
130122,"Grapes"
130123,"Grapes"
130124,"Grapes"
130125,"Grapes"
130126,"Grapes"
130127,"Grapes"
130128,"Grapes"
130129,"Grapes"
130130,"Grapes"
130131,"Grapes"
130132,"Grapes"
130133,"Grapes"
130134,"Grapes"
130135,"Grapes"
130136,"Grapes"
130137,"Grapes"
130138,"Grapes"
130139,"Grapes"
130140,"Grapes"
130141,"Grapes"
130142,"Grapes"
130143,"Grapes"
130144,"Grapes"
130145,"Grapes"
130146,"Grapes"
130147,"Grapes"
130148,"Grapes"
130149,"Grapes"
130150,"Grapes"
130151,"Grapes"
130152,"Grapes"
130153,"Grapes"
130154,"Grapes"
130155,"Grapes"
130156,"Grapes"
130157,"Grapes"
130158,"Grapes"
130159,"Grapes"
130160,"Grapes"
130161,"Grapes"
130162,"Grapes"
130163,"Grapes"
130164,"Grapes"
130165,"Grapes"
130166,"Grapes"
130167,"Grapes"
130168,"Grapes"
130169,"Grapes"
130170,"Grapes"
130171,"Grapes"
130172,"Grapes"
130173,"Grapes"
130174,"Grapes"
130175,"Grapes"
130176,"Grapes"
130177,"Grapes"
130178,"Grapes"
130179,"Grapes"
130180,"Grapes"
130181,"Grapes"
130182,"Grapes"
130183,"Grapes"
130184,"Grapes"
130185,"Grapes"
130186,"Grapes"
130187,"Grapes"
130188,"Grapes"
130189,"Grapes"
130190,"Grapes"
130191,"Grapes"
130192,"Grapes"
130193,"Grapes"
130194,"Grapes"
130195,"Grapes"
130196,"Grapes"
130197,"Grapes"
130198,"Grapes"
130199,"Grapes"
130200,"Grapes"
130201,"Grapes"
130202,"Grapes"
130203,"Grapes"
130204,"Grapes"
130205,"Grapes"
130206,"Grapes"
130207,"Grapes"
130208,"Grapes"
130209,"Grapes"
130210,"Grapes"
130211,"Grapes"
130212,"Grapes"
130213,"Grapes"
130214,"Grapes"
130215,"Grapes"
130216,"Grapes"
130217,"Grapes"
130218,"Grapes"
130219,"Grapes"
130220,"Grapes"
130221,"Grapes"
130222,"Grapes"
130223,"Grapes"
130224,"Grapes"
130225,"Grapes"
130226,"Grapes"
130227,"Grapes"
130228,"Grapes"
130229,"Grapes"
130230,"Grapes"
130231,"Grapes"
130232,"Grapes"
130233,"Grapes"
130234,"Grapes"
130235,"Grapes"
130236,"Grapes"
130237,"Grapes"
130238,"Grapes"
130239,"Grapes"
130240,"Grapes"
130241,"Grapes"
130242,"Grapes"
130243,"Grapes"
130244,"Grapes"
130245,"Grapes"
130246,"Grapes"
130247,"Grapes"
130248,"Grapes"
130249,"Grapes"
130250,"Grapes"
130251,"Grapes"
130252,"Grapes"
130253,"Grapes"
130254,"Grapes"
130255,"Grapes"
130256,"Grapes"
130257,"Grapes"
130258,"Grapes"
130259,"Grapes"
130260,"Grapes"
130261,"Grapes"
130262,"Grapes"
130263,"Grapes"
130264,"Grapes"
130265,"Grapes"
130266,"Grapes"
130267,"Grapes"
130268,"Grapes"
130269,"Grapes"
130270,"Grapes"
130271,"Grapes"
130272,"Grapes"
130273,"Grapes"
130274,"Grapes"
130275,"Grapes"
130276,"Grapes"
130277,"Grapes"
130278,"Grapes"
130279,"Grapes"
130280,"Grapes"
130281,"Grapes"
130282,"Grapes"
130283,"Grapes"
130284,"Grapes"
130285,"Grapes"
130286,"Grapes"
130287,"Grapes"
130288,"Grapes"
130289,"Grapes"
130290,"Grapes"
130291,"Grapes"
130292,"Grapes"
130293,"Grapes"
130294,"Grapes"
130295,"Grapes"
130296,"Grapes"
130297,"Grapes"
130298,"Grapes"
130299,"Grapes"
130300,"Grapes"
130301,"Grapes"
130302,"Grapes"
130303,"Grapes"
130304,"Grapes"
130305,"Grapes"
130306,"Grapes"
130307,"Grapes"
130308,"Grapes"
130309,"Grapes"
130310,"Grapes"
130311,"Grapes"
130312,"Grapes"
130313,"Grapes"
130314,"Grapes"
130315,"Grapes"
130316,"Grapes"
130317,"Grapes"
130318,"Grapes"
130319,"Grapes"
130320,"Grapes"
130321,"Grapes"
130322,"Grapes"
130323,"Grapes"
130324,"Grapes"
130325,"Grapes"
130326,"Grapes"
130327,"Grapes"
130328,"Grapes"
130329,"Grapes"
130330,"Grapes"
130331,"Grapes"
130332,"Grapes"
130333,"Grapes"
130334,"Grapes"
130335,"Grapes"
130336,"Grapes"
130337,"Grapes"
130338,"Grapes"
130339,"Grapes"
130340,"Grapes"
130341,"Grapes"
130342,"Grapes"
130343,"Grapes"
130344,"Grapes"
130345,"Grapes"
130346,"Grapes"
130347,"Grapes"
130348,"Grapes"
130349,"Grapes"
130350,"Grapes"
130351,"Grapes"
130352,"Grapes"
130353,"Grapes"
130354,"Grapes"
130355,"Grapes"
130356,"Grapes"
130357,"Grapes"
130358,"Grapes"
130359,"Grapes"
130360,"Grapes"
130361,"Grapes"
130362,"Grapes"
130363,"Grapes"
130364,"Grapes"
130365,"Grapes"
130366,"Grapes"
130367,"Grapes"
130368,"Grapes"
130369,"Grapes"
130370,"Grapes"
130371,"Grapes"
130372,"Grapes"
130373,"Grapes"
130374,"Grapes"
130375,"Grapes"
130376,"Grapes"
130377,"Grapes"
130378,"Grapes"
130379,"Grapes"
130380,"Grapes"
130381,"Grapes"
130382,"Grapes"
130383,"Grapes"
130384,"Grapes"
130385,"Grapes"
130386,"Grapes"
130387,"Grapes"
130388,"Grapes"
130389,"Grapes"
130390,"Grapes"
130391,"Grapes"
130392,"Grapes"
130393,"Grapes"
130394,"Grapes"
130395,"Grapes"
130396,"Grapes"
130397,"Grapes"
130398,"Grapes"
130399,"Grapes"
130400,"Grapes"
130401,"Grapes"
130402,"Grapes"
130403,"Grapes"
130404,"Grapes"
130405,"Grapes"
130406,"Grapes"
130407,"Grapes"
130408,"Grapes"
130409,"Grapes"
130410,"Grapes"
130411,"Grapes"
130412,"Grapes"
130413,"Grapes"
130414,"Grapes"
130415,"Grapes"
130416,"Grapes"
130417,"Grapes"
130418,"Grapes"
130419,"Grapes"
130420,"Grapes"
130421,"Grapes"
130422,"Grapes"
130423,"Grapes"
130424,"Grapes"
130425,"Grapes"
130426,"Grapes"
130427,"Grapes"
130428,"Grapes"
130429,"Grapes"
130430,"Grapes"
130431,"Grapes"
130432,"Grapes"
130433,"Grapes"
130434,"Grapes"
130435,"Grapes"
130436,"Grapes"
130437,"Grapes"
130438,"Grapes"
130439,"Grapes"
130440,"Grapes"
130441,"Grapes"
130442,"Grapes"
130443,"Grapes"
130444,"Grapes"
130445,"Grapes"
130446,"Grapes"
130447,"Grapes"
130448,"Grapes"
130449,"Grapes"
130450,"Grapes"
130451,"Grapes"
130452,"Grapes"
130453,"Grapes"
130454,"Grapes"
130455,"Grapes"
130456,"Grapes"
130457,"Grapes"
130458,"Grapes"
130459,"Grapes"
130460,"Grapes"
130461,"Grapes"
130462,"Grapes"
130463,"Grapes"
130464,"Grapes"
130465,"Grapes"
130466,"Grapes"
130467,"Grapes"
130468,"Grapes"
130469,"Grapes"
130470,"Grapes"
130471,"Grapes"
130472,"Grapes"
130473,"Grapes"
130474,"Grapes"
130475,"Grapes"
130476,"Grapes"
130477,"Grapes"
130478,"Grapes"
130479,"Grapes"
130480,"Grapes"
130481,"Grapes"
130482,"Grapes"
130483,"Grapes"
130484,"Grapes"
130485,"Grapes"
130486,"Grapes"
130487,"Grapes"
130488,"Grapes"
130489,"Grapes"
130490,"Grapes"
130491,"Grapes"
130492,"Grapes"
130493,"Grapes"
130494,"Grapes"
130495,"Grapes"
130496,"Grapes"
130497,"Grapes"
130498,"Grapes"
130499,"Grapes"
130500,"Grapes"
130501,"Grapes"
130502,"Grapes"
130503,"Grapes"
130504,"Grapes"
130505,"Grapes"
130506,"Grapes"
130507,"Grapes"
130508,"Grapes"
130509,"Grapes"
130510,"Grapes"
130511,"Grapes"
130512,"Grapes"
130513,"Grapes"
130514,"Grapes"
130515,"Grapes"
130516,"Grapes"
130517,"Grapes"
130518,"Grapes"
130519,"Grapes"
130520,"Grapes"
130521,"Grapes"
130522,"Grapes"
130523,"Grapes"
130524,"Grapes"
130525,"Grapes"
130526,"Grapes"
130527,"Grapes"
130528,"Grapes"
130529,"Grapes"
130530,"Grapes"
130531,"Grapes"
130532,"Grapes"
130533,"Grapes"
130534,"Grapes"
130535,"Grapes"
130536,"Grapes"
130537,"Grapes"
130538,"Grapes"
130539,"Grapes"
130540,"Grapes"
130541,"Grapes"
130542,"Grapes"
130543,"Grapes"
130544,"Grapes"
130545,"Grapes"
130546,"Grapes"
130547,"Grapes"
130548,"Grapes"
130549,"Grapes"
130550,"Grapes"
130551,"Grapes"
130552,"Grapes"
130553,"Grapes"
130554,"Grapes"
130555,"Grapes"
130556,"Grapes"
130557,"Grapes"
130558,"Grapes"
130559,"Grapes"
130560,"Grapes"
130561,"Grapes"
130562,"Grapes"
130563,"Grapes"
130564,"Grapes"
130565,"Grapes"
130566,"Grapes"
130567,"Grapes"
130568,"Grapes"
130569,"Grapes"
130570,"Grapes"
130571,"Grapes"
130572,"Grapes"
130573,"Grapes"
130574,"Grapes"
130575,"Grapes"
130576,"Grapes"
130577,"Grapes"
130578,"Grapes"
130579,"Grapes"
130580,"Grapes"
130581,"Grapes"
130582,"Grapes"
130583,"Grapes"
130584,"Grapes"
130585,"Grapes"
130586,"Grapes"
130587,"Grapes"
130588,"Grapes"
130589,"Grapes"
130590,"Grapes"
130591,"Grapes"
130592,"Grapes"
130593,"Grapes"
130594,"Grapes"
130595,"Grapes"
130596,"Grapes"
130597,"Grapes"
130598,"Grapes"
130599,"Grapes"
130600,"Grapes"
130601,"Grapes"
130602,"Grapes"
130603,"Grapes"
130604,"Grapes"
130605,"Grapes"
130606,"Grapes"
130607,"Grapes"
130608,"Grapes"
130609,"Grapes"
130610,"Grapes"
130611,"Grapes"
130612,"Grapes"
130613,"Grapes"
130614,"Grapes"
130615,"Grapes"
130616,"Grapes"
130617,"Grapes"
130618,"Grapes"
130619,"Grapes"
130620,"Grapes"
130621,"Grapes"
130622,"Grapes"
130623,"Grapes"
130624,"Grapes"
130625,"Grapes"
130626,"Grapes"
130627,"Grapes"
130628,"Grapes"
130629,"Grapes"
130630,"Grapes"
130631,"Grapes"
130632,"Grapes"
130633,"Grapes"
130634,"Grapes"
130635,"Grapes"
130636,"Grapes"
130637,"Grapes"
130638,"Grapes"
130639,"Grapes"
130640,"Grapes"
130641,"Grapes"
130642,"Grapes"
130643,"Grapes"
130644,"Grapes"
130645,"Grapes"
130646,"Grapes"
130647,"Grapes"
130648,"Grapes"
130649,"Grapes"
130650,"Grapes"
130651,"Grapes"
130652,"Grapes"
130653,"Grapes"
130654,"Grapes"
130655,"Grapes"
130656,"Grapes"
130657,"Grapes"
130658,"Grapes"
130659,"Grapes"
130660,"Grapes"
130661,"Grapes"
130662,"Grapes"
130663,"Grapes"
130664,"Grapes"
130665,"Grapes"
130666,"Grapes"
130667,"Grapes"
130668,"Grapes"
130669,"Grapes"
130670,"Grapes"
130671,"Grapes"
130672,"Grapes"
130673,"Grapes"
130674,"Grapes"
130675,"Grapes"
130676,"Grapes"
130677,"Grapes"
130678,"Grapes"
130679,"Grapes"
130680,"Grapes"
130681,"Grapes"
130682,"Grapes"
130683,"Grapes"
130684,"Grapes"
130685,"Grapes"
130686,"Grapes"
130687,"Grapes"
130688,"Grapes"
130689,"Grapes"
130690,"Grapes"
130691,"Grapes"
130692,"Grapes"
130693,"Grapes"
130694,"Grapes"
130695,"Grapes"
130696,"Grapes"
130697,"Grapes"
130698,"Grapes"
130699,"Grapes"
130700,"Grapes"
130701,"Grapes"
130702,"Grapes"
130703,"Grapes"
130704,"Grapes"
130705,"Grapes"
130706,"Grapes"
130707,"Grapes"
130708,"Grapes"
130709,"Grapes"
130710,"Grapes"
130711,"Grapes"
130712,"Grapes"
130713,"Grapes"
130714,"Grapes"
130715,"Grapes"
130716,"Grapes"
130717,"Grapes"
130718,"Grapes"
130719,"Grapes"
130720,"Grapes"
130721,"Grapes"
130722,"Grapes"
130723,"Grapes"
130724,"Grapes"
130725,"Grapes"
130726,"Grapes"
130727,"Grapes"
130728,"Grapes"
130729,"Grapes"
130730,"Grapes"
130731,"Grapes"
130732,"Grapes"
130733,"Grapes"
130734,"Grapes"
130735,"Grapes"
130736,"Grapes"
130737,"Grapes"
130738,"Grapes"
130739,"Grapes"
130740,"Grapes"
130741,"Grapes"
130742,"Grapes"
130743,"Grapes"
130744,"Grapes"
130745,"Grapes"
130746,"Grapes"
130747,"Grapes"
130748,"Grapes"
130749,"Grapes"
130750,"Grapes"
130751,"Grapes"
130752,"Grapes"
130753,"Grapes"
130754,"Grapes"
130755,"Grapes"
130756,"Grapes"
130757,"Grapes"
130758,"Grapes"
130759,"Grapes"
130760,"Grapes"
130761,"Grapes"
130762,"Grapes"
130763,"Grapes"
130764,"Grapes"
130765,"Grapes"
130766,"Grapes"
130767,"Grapes"
130768,"Grapes"
130769,"Grapes"
130770,"Grapes"
130771,"Grapes"
130772,"Grapes"
130773,"Grapes"
130774,"Grapes"
130775,"Grapes"
130776,"Grapes"
130777,"Grapes"
130778,"Grapes"
130779,"Grapes"
130780,"Grapes"
130781,"Grapes"
130782,"Grapes"
130783,"Grapes"
130784,"Grapes"
130785,"Grapes"
130786,"Grapes"
130787,"Grapes"
130788,"Grapes"
130789,"Grapes"
130790,"Grapes"
130791,"Grapes"
130792,"Grapes"
130793,"Grapes"
130794,"Grapes"
130795,"Grapes"
130796,"Grapes"
130797,"Grapes"
130798,"Grapes"
130799,"Grapes"
130800,"Grapes"
130801,"Grapes"
130802,"Grapes"
130803,"Grapes"
130804,"Grapes"
130805,"Grapes"
130806,"Grapes"
130807,"Grapes"
130808,"Grapes"
130809,"Grapes"
130810,"Grapes"
130811,"Grapes"
130812,"Grapes"
130813,"Grapes"
130814,"Grapes"
130815,"Grapes"
130816,"Grapes"
130817,"Grapes"
130818,"Grapes"
130819,"Grapes"
130820,"Grapes"
130821,"Grapes"
130822,"Grapes"
130823,"Grapes"
130824,"Grapes"
130825,"Grapes"
130826,"Grapes"
130827,"Grapes"
130828,"Grapes"
130829,"Grapes"
130830,"Grapes"
130831,"Grapes"
130832,"Grapes"
130833,"Grapes"
130834,"Grapes"
130835,"Grapes"
130836,"Grapes"
130837,"Grapes"
130838,"Grapes"
130839,"Grapes"
130840,"Grapes"
130841,"Grapes"
130842,"Grapes"
130843,"Grapes"
130844,"Grapes"
130845,"Grapes"
130846,"Grapes"
130847,"Grapes"
130848,"Grapes"
130849,"Grapes"
130850,"Grapes"
130851,"Grapes"
130852,"Grapes"
130853,"Grapes"
130854,"Grapes"
130855,"Grapes"
130856,"Grapes"
130857,"Grapes"
130858,"Grapes"
130859,"Grapes"
130860,"Grapes"
130861,"Grapes"
130862,"Grapes"
130863,"Grapes"
130864,"Grapes"
130865,"Grapes"
130866,"Grapes"
130867,"Grapes"
130868,"Grapes"
130869,"Grapes"
130870,"Grapes"
130871,"Grapes"
130872,"Grapes"
130873,"Grapes"
130874,"Grapes"
130875,"Grapes"
130876,"Grapes"
130877,"Grapes"
130878,"Grapes"
130879,"Grapes"
130880,"Grapes"
130881,"Grapes"
130882,"Grapes"
130883,"Grapes"
130884,"Grapes"
130885,"Grapes"
130886,"Grapes"
130887,"Grapes"
130888,"Grapes"
130889,"Grapes"
130890,"Grapes"
130891,"Grapes"
130892,"Grapes"
130893,"Grapes"
130894,"Grapes"
130895,"Grapes"
130896,"Grapes"
130897,"Grapes"
130898,"Grapes"
130899,"Grapes"
130900,"Grapes"
130901,"Grapes"
130902,"Grapes"
130903,"Grapes"
130904,"Grapes"
130905,"Grapes"
130906,"Grapes"
130907,"Grapes"
130908,"Grapes"
130909,"Grapes"
130910,"Grapes"
130911,"Grapes"
130912,"Grapes"
130913,"Grapes"
130914,"Grapes"
130915,"Grapes"
130916,"Grapes"
130917,"Grapes"
130918,"Grapes"
140810,"Intensive horticulture"
140811,"Intensive horticulture"
140812,"Intensive horticulture"
140813,"Intensive horticulture"
140814,"Intensive horticulture"
140815,"Intensive horticulture"
140816,"Intensive horticulture"
140817,"Intensive horticulture"
140818,"Intensive horticulture"
140819,"Intensive horticulture"
140820,"Intensive horticulture"
140821,"Intensive horticulture"
140822,"Intensive horticulture"
140823,"Intensive horticulture"
140824,"Intensive horticulture"
140825,"Intensive horticulture"
140826,"Intensive horticulture"
140827,"Intensive horticulture"
140828,"Intensive horticulture"
140829,"Intensive horticulture"
140830,"Intensive horticulture"
140831,"Intensive horticulture"
140832,"Intensive horticulture"
140833,"Intensive horticulture"
140834,"Intensive horticulture"
140835,"Intensive horticulture"
140836,"Intensive horticulture"
140837,"Intensive horticulture"
140838,"Intensive horticulture"
140839,"Intensive horticulture"
140840,"Intensive horticulture"
140841,"Intensive horticulture"
140842,"Intensive horticulture"
140843,"Intensive horticulture"
140844,"Intensive horticulture"
140845,"Intensive horticulture"
140846,"Intensive horticulture"
140847,"Intensive horticulture"
140848,"Intensive horticulture"
140849,"Intensive horticulture"
140850,"Intensive horticulture"
140851,"Intensive horticulture"
140852,"Intensive horticulture"
140853,"Intensive horticulture"
140854,"Intensive horticulture"
140855,"Intensive horticulture"
140856,"Intensive horticulture"
140857,"Intensive horticulture"
140858,"Intensive horticulture"
140859,"Intensive horticulture"
140860,"Intensive horticulture"
140861,"Intensive horticulture"
140862,"Intensive horticulture"
140863,"Intensive horticulture"
140864,"Intensive horticulture"
140865,"Intensive horticulture"
140866,"Intensive horticulture"
140867,"Intensive horticulture"
140868,"Intensive horticulture"
140869,"Intensive horticulture"
140870,"Intensive horticulture"
140871,"Intensive horticulture"
140872,"Intensive horticulture"
140873,"Intensive horticulture"
